EmployeeNumber,Age,Gender,Department,JobRole,MaritalStatus,EducationField,JobLevel,BusinessTravel,DistanceFromHome,Attrition
1,41,Female,Sales,"Sales Executive",Single,"Life Sciences",2,Travel_Rarely,1,Yes
2,49,Male,"Research & Development","Research Scientist",Married,"Life Sciences",2,Travel_Frequently,8,No
4,37,Male,"Research & Development","Laboratory Technician",Single,Other,1,Travel_Rarely,2,Yes
5,33,Female,"Research & Development","Research Scientist",Married,"Life Sciences",1,Travel_Frequently,3,No
7,27,Male,"Research & Development","Laboratory Technician",Married,Medical,1,Travel_Rarely,2,No
8,32,Male,"Research & Development","Laboratory Technician",Single,"Life Sciences",1,Travel_Frequently,2,No
10,59,Female,"Research & Development","Laboratory Technician",Married,Medical,1,Travel_Rarely,3,No
11,30,Male,"Research & Development","Laboratory Technician",Divorced,"Life Sciences",1,Travel_Rarely,24,No
12,38,Male,"Research & Development","Manufacturing Director",Single,"Life Sciences",3,Travel_Frequently,23,No
13,36,Male,"Research & Development","Healthcare Representative",Married,Medical,2,Travel_Rarely,27,No
14,35,Male,"Research & Development","Laboratory Technician",Married,Medical,1,Travel_Rarely,16,No
15,29,Female,"Research & Development","Laboratory Technician",Single,"Life Sciences",2,Travel_Rarely,15,No
16,31,Male,"Research & Development","Research Scientist",Divorced,"Life Sciences",1,Travel_Rarely,26,No
18,34,Male,"Research & Development","Laboratory Technician",Divorced,Medical,1,Travel_Rarely,19,No
19,28,Male,"Research & Development","Laboratory Technician",Single,"Life Sciences",1,Travel_Rarely,24,Yes
20,29,Female,"Research & Development","Manufacturing Director",Divorced,"Life Sciences",3,Travel_Rarely,21,No
21,32,Male,"Research & Development","Research Scientist",Divorced,"Life Sciences",1,Travel_Rarely,5,No
22,22,Male,"Research & Development","Laboratory Technician",Divorced,Medical,1,Non-Travel,16,No
23,53,Female,Sales,Manager,Married,"Life Sciences",4,Travel_Rarely,2,No
24,38,Male,"Research & Development","Research Scientist",Single,"Life Sciences",1,Travel_Rarely,2,No
26,24,Female,"Research & Development","Manufacturing Director",Divorced,Other,2,Non-Travel,11,No
27,36,Male,Sales,"Sales Representative",Single,"Life Sciences",1,Travel_Rarely,9,Yes
28,34,Female,"Research & Development","Research Director",Single,"Life Sciences",3,Travel_Rarely,7,No
30,21,Male,"Research & Development","Research Scientist",Single,"Life Sciences",1,Travel_Rarely,15,No
31,34,Male,"Research & Development","Research Scientist",Single,Medical,1,Travel_Rarely,6,Yes
32,53,Female,"Research & Development",Manager,Divorced,Other,5,Travel_Rarely,5,No
33,32,Female,"Research & Development","Research Scientist",Single,"Life Sciences",1,Travel_Frequently,16,Yes
35,42,Male,Sales,"Sales Executive",Married,Marketing,2,Travel_Rarely,8,No
36,44,Female,"Research & Development","Healthcare Representative",Married,Medical,3,Travel_Rarely,7,No
38,46,Female,Sales,Manager,Single,Marketing,5,Travel_Rarely,2,No
39,33,Male,"Research & Development","Laboratory Technician",Single,Medical,1,Travel_Rarely,2,No
40,44,Male,"Research & Development","Healthcare Representative",Married,Other,2,Travel_Rarely,10,No
41,30,Male,"Research & Development","Laboratory Technician",Single,Medical,1,Travel_Rarely,9,No
42,39,Male,Sales,"Sales Representative",Married,"Technical Degree",2,Travel_Rarely,5,Yes
45,24,Male,"Research & Development","Research Scientist",Married,Medical,1,Travel_Rarely,1,Yes
46,43,Female,"Research & Development","Research Scientist",Divorced,Medical,1,Travel_Rarely,2,No
47,50,Male,Sales,"Sales Representative",Married,Marketing,1,Travel_Rarely,3,Yes
49,35,Female,Sales,"Sales Representative",Married,Marketing,1,Travel_Rarely,2,No
51,36,Female,"Research & Development","Research Scientist",Married,"Life Sciences",1,Travel_Rarely,5,No
52,33,Female,Sales,"Sales Executive",Married,"Life Sciences",2,Travel_Frequently,1,No
53,35,Male,"Research & Development","Laboratory Technician",Divorced,Other,1,Travel_Rarely,4,No
54,27,Female,"Research & Development","Laboratory Technician",Divorced,"Life Sciences",1,Travel_Rarely,2,No
55,26,Male,"Research & Development","Laboratory Technician",Single,"Life Sciences",1,Travel_Rarely,25,Yes
56,27,Male,Sales,"Sales Executive",Single,"Life Sciences",3,Travel_Frequently,8,No
57,30,Female,"Research & Development","Laboratory Technician",Single,Medical,2,Travel_Frequently,1,No
58,41,Female,"Research & Development","Research Director",Married,"Technical Degree",5,Travel_Rarely,12,Yes
60,34,Male,Sales,"Sales Executive",Single,Marketing,2,Non-Travel,23,No
61,37,Male,"Research & Development","Research Scientist",Married,"Life Sciences",1,Travel_Rarely,19,No
62,46,Male,Sales,"Sales Executive",Single,Marketing,2,Travel_Frequently,5,No
63,35,Male,"Research & Development","Laboratory Technician",Married,"Life Sciences",1,Travel_Rarely,8,No
64,48,Male,"Research & Development","Laboratory Technician",Single,"Life Sciences",3,Travel_Rarely,1,Yes
65,28,Male,"Research & Development","Laboratory Technician",Single,"Technical Degree",1,Travel_Rarely,5,Yes
68,44,Female,Sales,"Sales Executive",Divorced,Marketing,2,Travel_Rarely,1,No
70,35,Male,"Research & Development","Healthcare Representative",Married,Medical,3,Non-Travel,11,No
72,26,Female,Sales,"Sales Executive",Married,Marketing,2,Travel_Rarely,23,No
73,33,Female,"Research & Development","Research Director",Single,"Life Sciences",3,Travel_Frequently,1,No
74,35,Male,Sales,"Sales Executive",Married,"Life Sciences",3,Travel_Frequently,18,No
75,35,Female,"Research & Development","Laboratory Technician",Married,Medical,1,Travel_Rarely,23,No
76,31,Male,"Research & Development","Laboratory Technician",Divorced,"Life Sciences",2,Travel_Rarely,7,No
77,37,Male,"Research & Development","Manufacturing Director",Divorced,"Life Sciences",2,Travel_Rarely,1,No
78,32,Male,"Research & Development","Manufacturing Director",Married,Medical,2,Travel_Rarely,1,No
79,38,Female,"Research & Development","Laboratory Technician",Single,"Life Sciences",2,Travel_Frequently,29,No
80,50,Female,"Research & Development","Research Director",Divorced,Medical,5,Travel_Rarely,7,No
81,59,Female,Sales,"Sales Executive",Single,"Life Sciences",3,Travel_Rarely,25,No
83,36,Female,"Research & Development","Healthcare Representative",Divorced,"Technical Degree",3,Travel_Rarely,8,No
84,55,Female,"Research & Development",Manager,Divorced,Medical,4,Travel_Rarely,8,No
85,36,Male,"Research & Development","Manufacturing Director",Single,"Life Sciences",2,Travel_Frequently,11,No
86,45,Male,"Research & Development","Research Scientist",Divorced,"Life Sciences",3,Travel_Rarely,7,No
88,35,Male,"Research & Development","Research Scientist",Married,Medical,1,Travel_Frequently,1,No
90,36,Male,"Research & Development","Research Scientist",Married,Medical,1,Travel_Rarely,9,Yes
91,59,Female,Sales,"Sales Executive",Single,"Life Sciences",2,Travel_Frequently,1,No
94,29,Male,"Research & Development","Research Scientist",Married,"Life Sciences",1,Travel_Rarely,2,No
95,31,Male,"Research & Development","Research Scientist",Single,Medical,1,Travel_Rarely,1,No
96,32,Male,"Research & Development","Research Scientist",Married,"Life Sciences",2,Travel_Rarely,1,No
97,36,Female,"Research & Development","Laboratory Technician",Married,"Life Sciences",1,Travel_Rarely,6,No
98,31,Female,"Research & Development","Manufacturing Director",Single,"Life Sciences",2,Travel_Rarely,8,No
100,35,Male,Sales,"Sales Executive",Single,Marketing,2,Travel_Rarely,1,No
101,45,Male,"Research & Development","Research Director",Married,Other,3,Travel_Rarely,6,No
102,37,Male,"Research & Development","Research Director",Single,Medical,3,Travel_Rarely,7,No
103,46,Male,"Human Resources","Human Resources",Divorced,Medical,2,Travel_Rarely,5,No
104,30,Male,"Research & Development","Laboratory Technician",Married,"Life Sciences",2,Travel_Rarely,1,No
105,35,Male,"Research & Development","Research Scientist",Single,Medical,1,Travel_Rarely,1,No
106,55,Male,Sales,"Sales Executive",Married,"Life Sciences",3,Travel_Rarely,1,No
107,38,Female,"Research & Development","Research Scientist",Divorced,Medical,2,Non-Travel,6,No
110,34,Male,"Research & Development","Manufacturing Director",Married,Medical,2,Travel_Rarely,1,No
112,56,Male,"Research & Development","Manufacturing Director",Single,"Life Sciences",3,Travel_Rarely,7,No
113,23,Male,Sales,"Sales Representative",Divorced,"Technical Degree",1,Travel_Rarely,2,No
116,51,Male,"Research & Development","Laboratory Technician",Married,"Life Sciences",1,Travel_Rarely,9,No
117,30,Male,"Research & Development","Healthcare Representative",Married,"Life Sciences",2,Travel_Rarely,2,No
118,46,Male,Sales,"Sales Executive",Single,Medical,3,Travel_Rarely,9,Yes
119,40,Male,"Research & Development","Healthcare Representative",Married,"Life Sciences",4,Travel_Frequently,1,No
120,51,Male,Sales,"Sales Executive",Single,Marketing,2,Travel_Rarely,21,No
121,30,Female,Sales,"Sales Executive",Divorced,Medical,2,Travel_Rarely,4,No
124,46,Male,"Research & Development","Healthcare Representative",Married,Medical,3,Travel_Frequently,1,No
125,32,Male,Sales,"Sales Executive",Single,Medical,2,Travel_Rarely,6,No
126,54,Female,"Research & Development","Research Director",Married,"Technical Degree",3,Travel_Rarely,2,No
128,24,Female,Sales,"Sales Executive",Married,Other,2,Travel_Rarely,3,No
129,28,Male,Sales,"Sales Executive",Married,Medical,2,Non-Travel,4,No
131,58,Male,Sales,"Sales Executive",Single,Medical,4,Travel_Rarely,10,No
132,44,Male,"Research & Development","Laboratory Technician",Married,Medical,2,Non-Travel,23,No
133,37,Male,"Human Resources","Human Resources",Divorced,"Human Resources",1,Travel_Rarely,6,Yes
134,32,Male,"Research & Development","Research Scientist",Single,"Life Sciences",1,Travel_Rarely,1,No
137,20,Female,"Research & Development","Laboratory Technician",Single,"Life Sciences",1,Travel_Frequently,6,Yes
138,34,Female,"Research & Development","Research Scientist",Single,Other,2,Travel_Rarely,6,No
139,37,Male,"Research & Development","Healthcare Representative",Divorced,"Life Sciences",2,Non-Travel,2,No
140,59,Female,"Human Resources",Manager,Married,"Human Resources",5,Non-Travel,2,No
141,50,Female,"Research & Development","Research Director",Married,"Life Sciences",5,Travel_Frequently,1,No
142,25,Male,Sales,"Sales Executive",Single,Marketing,2,Travel_Rarely,5,Yes
143,25,Male,"Research & Development","Research Scientist",Married,Medical,1,Travel_Rarely,7,No
144,22,Female,"Research & Development","Laboratory Technician",Single,Medical,1,Travel_Rarely,15,No
145,51,Female,"Research & Development","Healthcare Representative",Single,Medical,3,Travel_Frequently,1,No
147,34,Male,"Research & Development","Laboratory Technician",Single,"Life Sciences",2,Travel_Frequently,7,Yes
148,54,Female,"Human Resources",Manager,Single,"Human Resources",4,Non-Travel,26,No
150,24,Male,"Research & Development","Laboratory Technician",Married,"Life Sciences",1,Travel_Rarely,18,No
151,34,Female,"Research & Development","Research Scientist",Divorced,"Life Sciences",2,Travel_Rarely,6,No
152,37,Male,Sales,"Sales Executive",Single,"Life Sciences",3,Travel_Rarely,3,No
153,34,Female,"Research & Development",Manager,Single,Medical,3,Travel_Rarely,5,No
154,36,Female,Sales,"Sales Executive",Married,"Technical Degree",3,Travel_Frequently,11,No
155,36,Female,"Research & Development","Laboratory Technician",Divorced,"Life Sciences",1,Travel_Rarely,3,No
158,43,Male,Sales,Manager,Married,"Life Sciences",4,Travel_Frequently,26,No
159,30,Male,"Research & Development","Research Scientist",Divorced,"Life Sciences",1,Travel_Frequently,23,No
160,33,Male,Sales,"Sales Executive",Married,Marketing,2,Non-Travel,22,No
161,56,Female,"Research & Development","Research Scientist",Married,"Life Sciences",1,Travel_Rarely,14,Yes
162,51,Male,"Research & Development","Research Director",Single,"Life Sciences",5,Travel_Rarely,6,No
163,31,Male,Sales,"Sales Executive",Married,"Life Sciences",2,Travel_Rarely,6,Yes
164,26,Female,"Research & Development","Research Scientist",Married,Other,1,Travel_Rarely,6,No
165,58,Female,"Research & Development","Healthcare Representative",Married,Medical,3,Travel_Rarely,23,Yes
167,19,Male,Sales,"Sales Representative",Single,Marketing,1,Travel_Rarely,22,Yes
169,22,Male,"Research & Development","Laboratory Technician",Married,"Technical Degree",1,Travel_Rarely,2,No
170,49,Female,"Research & Development","Manufacturing Director",Married,Medical,2,Travel_Rarely,20,No
171,43,Female,"Research & Development","Research Scientist",Single,Medical,1,Travel_Frequently,28,No
174,50,Female,Sales,"Sales Executive",Single,Marketing,3,Travel_Frequently,12,No
175,31,Female,Sales,"Sales Executive",Married,"Life Sciences",2,Travel_Rarely,20,Yes
176,41,Male,Sales,"Sales Executive",Divorced,"Life Sciences",3,Travel_Rarely,9,No
177,26,Female,"Human Resources","Human Resources",Married,"Life Sciences",1,Travel_Rarely,25,No
178,36,Male,"Research & Development","Manufacturing Director",Divorced,Medical,2,Travel_Rarely,6,No
179,51,Male,"Research & Development","Manufacturing Director",Single,"Life Sciences",3,Travel_Frequently,8,Yes
182,39,Female,Sales,"Sales Executive",Married,"Life Sciences",2,Travel_Rarely,4,No
183,25,Male,Sales,"Sales Executive",Married,"Life Sciences",2,Travel_Rarely,28,No
184,30,Male,"Human Resources","Human Resources",Married,"Human Resources",2,Travel_Rarely,9,No
190,32,Female,"Research & Development","Laboratory Technician",Single,Medical,1,Travel_Rarely,9,Yes
192,45,Male,"Research & Development","Research Scientist",Single,Medical,1,Travel_Rarely,29,No
193,38,Female,"Research & Development","Research Scientist",Single,"Technical Degree",2,Travel_Rarely,3,No
194,30,Female,"Research & Development","Research Scientist",Single,"Life Sciences",1,Travel_Rarely,18,No
195,32,Male,Sales,"Sales Executive",Divorced,Medical,2,Travel_Frequently,9,No
197,30,Female,"Research & Development","Research Scientist",Divorced,"Technical Degree",1,Travel_Rarely,5,No
198,30,Male,"Research & Development","Laboratory Technician",Single,Medical,1,Travel_Rarely,2,No
199,41,Male,"Research & Development",Manager,Divorced,"Life Sciences",4,Travel_Frequently,10,No
200,41,Male,"Research & Development","Laboratory Technician",Married,"Life Sciences",1,Travel_Rarely,9,No
201,19,Female,"Research & Development","Laboratory Technician",Single,Medical,1,Travel_Rarely,3,No
202,40,Female,"Research & Development","Research Scientist",Divorced,Medical,2,Travel_Frequently,26,No
204,35,Male,Sales,"Sales Executive",Married,Marketing,3,Travel_Rarely,1,No
205,53,Male,Sales,"Sales Representative",Married,Marketing,2,Travel_Rarely,6,No
206,45,Male,"Research & Development","Laboratory Technician",Divorced,"Life Sciences",2,Travel_Rarely,9,No
207,32,Female,Sales,"Sales Executive",Single,Marketing,3,Travel_Frequently,8,No
208,29,Male,"Research & Development","Manufacturing Director",Married,"Technical Degree",2,Non-Travel,1,No
211,51,Male,"Research & Development","Manufacturing Director",Married,Medical,2,Travel_Rarely,7,No
214,58,Female,"Research & Development","Research Scientist",Married,Medical,1,Travel_Rarely,9,No
215,40,Male,Sales,"Sales Executive",Married,Marketing,3,Travel_Rarely,4,No
216,34,Female,Sales,"Sales Representative",Married,Marketing,1,Travel_Frequently,2,No
217,22,Male,"Research & Development","Research Scientist",Married,Medical,1,Travel_Rarely,19,No
218,27,Male,"Research & Development","Research Scientist",Divorced,Medical,1,Non-Travel,9,No
221,28,Male,"Research & Development","Research Scientist",Married,Medical,1,Travel_Rarely,21,No
223,57,Male,"Research & Development","Healthcare Representative",Divorced,"Life Sciences",3,Travel_Rarely,24,No
224,27,Male,"Research & Development","Research Scientist",Divorced,Medical,1,Non-Travel,3,No
226,50,Female,"Research & Development",Manager,Single,"Life Sciences",5,Travel_Rarely,11,No
227,41,Male,"Research & Development","Research Scientist",Divorced,"Life Sciences",1,Travel_Rarely,14,No
228,30,Female,Sales,"Sales Executive",Married,"Life Sciences",3,Travel_Rarely,5,No
230,38,Female,Sales,"Sales Executive",Single,"Life Sciences",2,Travel_Rarely,1,No
231,32,Male,"Research & Development","Research Scientist",Single,"Life Sciences",1,Travel_Rarely,6,No
233,27,Male,"Research & Development","Research Scientist",Married,"Technical Degree",1,Travel_Rarely,17,No
235,19,Female,Sales,"Sales Representative",Single,"Technical Degree",1,Travel_Frequently,1,Yes
238,36,Male,"Research & Development","Laboratory Technician",Single,Medical,1,Travel_Frequently,3,No
239,30,Male,"Research & Development","Laboratory Technician",Divorced,Medical,2,Non-Travel,9,No
240,45,Female,Sales,"Sales Executive",Divorced,"Life Sciences",2,Travel_Rarely,4,No
241,56,Female,"Research & Development","Research Scientist",Divorced,"Life Sciences",1,Travel_Rarely,8,No
242,33,Male,"Research & Development","Research Scientist",Single,"Life Sciences",1,Travel_Rarely,2,No
243,19,Male,"Research & Development","Laboratory Technician",Single,"Life Sciences",1,Travel_Rarely,2,Yes
244,46,Female,Sales,"Sales Executive",Divorced,Marketing,3,Travel_Rarely,1,No
245,38,Female,"Research & Development","Laboratory Technician",Single,"Life Sciences",1,Travel_Rarely,9,No
246,31,Female,"Research & Development","Research Scientist",Married,Medical,1,Travel_Rarely,12,No
247,34,Female,"Research & Development","Research Scientist",Single,Medical,1,Travel_Rarely,27,No
248,41,Female,Sales,"Sales Representative",Single,Marketing,1,Travel_Rarely,20,Yes
249,50,Male,"Research & Development","Laboratory Technician",Married,Medical,1,Travel_Rarely,1,No
250,53,Female,"Research & Development","Manufacturing Director",Divorced,Medical,2,Travel_Rarely,13,No
252,33,Female,"Research & Development","Research Scientist",Married,Medical,1,Travel_Rarely,14,No
253,40,Female,"Research & Development",Manager,Married,Medical,5,Travel_Rarely,4,No
254,55,Male,"Research & Development","Research Director",Single,Medical,5,Travel_Rarely,14,No
256,34,Male,"Research & Development","Manufacturing Director",Married,"Life Sciences",2,Travel_Frequently,2,No
258,51,Female,"Research & Development","Healthcare Representative",Single,Medical,4,Travel_Rarely,3,No
259,52,Male,"Research & Development",Manager,Married,"Life Sciences",5,Travel_Rarely,1,No
260,27,Female,"Research & Development","Research Scientist",Single,Medical,1,Travel_Rarely,9,No
261,35,Male,"Research & Development","Manufacturing Director",Married,"Life Sciences",2,Travel_Rarely,23,Yes
262,43,Male,"Research & Development","Research Scientist",Divorced,Medical,1,Non-Travel,7,No
264,45,Male,"Research & Development",Manager,Married,Medical,4,Non-Travel,2,No
267,37,Male,"Research & Development","Research Scientist",Married,"Life Sciences",1,Travel_Rarely,21,No
269,35,Female,"Research & Development","Laboratory Technician",Single,Medical,2,Travel_Frequently,2,No
270,42,Female,"Research & Development","Manufacturing Director",Divorced,Medical,2,Non-Travel,21,No
271,38,Male,"Research & Development","Manufacturing Director",Married,"Life Sciences",2,Travel_Rarely,2,No
273,38,Male,"Research & Development","Manufacturing Director",Married,"Technical Degree",2,Travel_Rarely,29,No
274,27,Male,"Research & Development","Manufacturing Director",Married,"Technical Degree",2,Travel_Frequently,1,No
275,49,Male,"Research & Development","Manufacturing Director",Divorced,"Life Sciences",2,Non-Travel,18,No
277,34,Male,"Research & Development","Research Scientist",Divorced,Medical,1,Travel_Frequently,10,No
281,40,Male,"Research & Development","Laboratory Technician",Married,Medical,2,Travel_Rarely,19,No
282,38,Male,"Research & Development","Healthcare Representative",Married,Medical,2,Travel_Rarely,29,Yes
283,29,Female,Sales,"Sales Executive",Married,Marketing,3,Travel_Rarely,27,Yes
284,22,Male,"Research & Development","Research Scientist",Divorced,"Life Sciences",1,Travel_Rarely,5,No
286,36,Female,"Research & Development","Laboratory Technician",Single,Medical,1,Travel_Frequently,18,No
287,40,Male,"Research & Development","Healthcare Representative",Married,"Life Sciences",2,Non-Travel,9,No
288,46,Male,"Research & Development","Healthcare Representative",Divorced,Medical,3,Travel_Rarely,1,No
291,32,Male,Sales,"Sales Executive",Married,Medical,3,Travel_Rarely,4,Yes
292,30,Male,"Research & Development","Manufacturing Director",Single,"Life Sciences",3,Non-Travel,1,No
293,27,Female,Sales,"Sales Executive",Single,"Life Sciences",2,Travel_Frequently,20,No
296,51,Male,"Research & Development","Research Director",Married,"Life Sciences",3,Travel_Rarely,8,No
297,30,Female,"Research & Development","Research Scientist",Single,"Technical Degree",1,Travel_Rarely,3,Yes
298,41,Female,Sales,Manager,Single,"Life Sciences",3,Travel_Rarely,6,No
299,30,Female,Sales,"Sales Executive",Single,Marketing,2,Travel_Frequently,26,Yes
300,29,Male,"Research & Development","Research Scientist",Single,"Technical Degree",1,Travel_Rarely,1,Yes
302,45,Female,Sales,"Sales Executive",Single,Medical,3,Non-Travel,6,No
303,54,Female,Sales,"Sales Executive",Married,Marketing,2,Travel_Rarely,3,No
304,36,Male,"Research & Development","Laboratory Technician",Single,"Life Sciences",2,Travel_Rarely,5,No
305,33,Female,"Research & Development","Research Scientist",Married,Medical,1,Travel_Rarely,4,No
306,37,Male,"Research & Development","Research Director",Divorced,Other,3,Travel_Frequently,11,No
307,38,Male,Sales,"Sales Executive",Divorced,"Life Sciences",3,Travel_Rarely,3,No
308,31,Male,"Research & Development","Manufacturing Director",Married,Medical,2,Non-Travel,1,No
309,59,Male,"Research & Development","Research Scientist",Married,"Life Sciences",1,Travel_Rarely,3,No
311,37,Male,Sales,"Sales Representative",Divorced,Marketing,1,Travel_Frequently,4,No
312,29,Female,Sales,"Sales Executive",Married,Medical,3,Travel_Frequently,1,No
314,35,Female,Sales,"Sales Executive",Single,Marketing,3,Travel_Frequently,1,No
315,29,Male,"Research & Development","Research Scientist",Single,Medical,1,Travel_Rarely,18,Yes
316,52,Female,"Research & Development","Laboratory Technician",Single,"Life Sciences",1,Travel_Rarely,2,No
319,42,Male,"Research & Development",Manager,Married,"Technical Degree",5,Travel_Rarely,4,No
321,59,Male,"Human Resources","Human Resources",Married,Medical,1,Travel_Rarely,6,No
323,50,Female,Sales,Manager,Divorced,Medical,5,Travel_Rarely,1,No
325,33,Male,"Research & Development","Laboratory Technician",Married,Medical,1,Travel_Rarely,14,Yes
327,43,Female,Sales,Manager,Married,Marketing,4,Travel_Rarely,16,No
328,33,Female,"Research & Development","Laboratory Technician",Married,"Life Sciences",1,Travel_Rarely,2,Yes
329,52,Male,Sales,Manager,Single,"Life Sciences",5,Non-Travel,2,No
330,32,Female,Sales,"Sales Representative",Married,"Life Sciences",1,Travel_Rarely,4,No
331,32,Male,"Research & Development","Laboratory Technician",Single,"Life Sciences",1,Travel_Rarely,1,Yes
332,39,Female,"Research & Development","Laboratory Technician",Divorced,Medical,1,Travel_Rarely,1,No
333,32,Male,Sales,"Sales Executive",Married,Marketing,2,Non-Travel,26,No
334,41,Male,"Research & Development","Research Scientist",Divorced,"Life Sciences",2,Travel_Rarely,19,No
335,40,Male,"Research & Development","Research Scientist",Divorced,"Technical Degree",2,Travel_Rarely,24,No
336,45,Male,"Research & Development",Manager,Married,Other,5,Travel_Rarely,1,No
337,31,Male,"Research & Development","Research Director",Divorced,Medical,3,Travel_Frequently,3,No
338,33,Female,"Research & Development","Research Scientist",Married,"Life Sciences",1,Travel_Rarely,5,No
339,34,Male,"Research & Development","Manufacturing Director",Married,"Life Sciences",2,Travel_Rarely,2,No
340,37,Female,"Research & Development","Research Scientist",Married,Medical,1,Travel_Rarely,1,No
341,45,Male,"Research & Development","Manufacturing Director",Married,"Life Sciences",2,Travel_Frequently,7,No
342,37,Male,"Research & Development","Manufacturing Director",Divorced,Medical,3,Travel_Frequently,10,Yes
343,39,Female,"Research & Development","Healthcare Representative",Single,"Technical Degree",3,Travel_Frequently,2,No
346,29,Male,"Research & Development","Research Scientist",Single,"Life Sciences",1,Travel_Rarely,15,No
347,42,Female,"Research & Development","Research Scientist",Single,"Life Sciences",2,Travel_Rarely,17,No
349,29,Male,Sales,"Sales Executive",Divorced,Marketing,2,Travel_Rarely,20,No
350,25,Female,"Research & Development","Manufacturing Director",Married,"Life Sciences",2,Travel_Rarely,1,No
351,42,Female,"Research & Development","Laboratory Technician",Divorced,Medical,1,Travel_Rarely,2,No
352,40,Male,"Research & Development","Research Director",Divorced,Medical,5,Travel_Rarely,2,No
353,51,Male,"Research & Development","Research Scientist",Married,"Life Sciences",1,Travel_Rarely,1,No
355,31,Male,"Research & Development","Laboratory Technician",Single,Medical,1,Travel_Frequently,29,Yes
359,32,Male,"Research & Development","Laboratory Technician",Married,"Life Sciences",1,Travel_Frequently,7,No
361,38,Male,Sales,"Sales Executive",Married,"Life Sciences",2,Non-Travel,2,No
362,32,Male,"Research & Development","Laboratory Technician",Single,"Technical Degree",2,Travel_Rarely,2,No
363,46,Female,Sales,Manager,Married,"Technical Degree",4,Travel_Rarely,2,No
364,28,Male,"Research & Development","Laboratory Technician",Single,"Life Sciences",1,Travel_Rarely,2,Yes
366,29,Male,Sales,"Sales Executive",Married,Medical,2,Travel_Rarely,2,No
367,31,Male,"Research & Development","Healthcare Representative",Married,Medical,2,Travel_Rarely,23,No
369,25,Male,"Research & Development","Healthcare Representative",Divorced,"Life Sciences",2,Non-Travel,5,No
372,45,Male,"Research & Development","Healthcare Representative",Married,Medical,4,Travel_Rarely,20,No
373,36,Male,"Research & Development","Laboratory Technician",Married,"Life Sciences",1,Travel_Rarely,6,No
374,55,Male,"Research & Development",Manager,Single,Medical,5,Travel_Rarely,1,No
376,47,Male,"Research & Development",Manager,Married,"Life Sciences",3,Non-Travel,29,Yes
377,28,Male,"Research & Development","Research Scientist",Married,Medical,1,Travel_Rarely,9,No
378,37,Male,Sales,"Sales Executive",Married,Medical,2,Travel_Rarely,6,No
379,21,Male,"Research & Development","Research Scientist",Single,Medical,1,Travel_Rarely,3,No
380,37,Female,"Research & Development","Research Director",Divorced,Medical,3,Non-Travel,1,No
381,35,Female,"Research & Development",Manager,Divorced,"Life Sciences",3,Travel_Rarely,22,No
382,38,Female,Sales,"Sales Executive",Divorced,Medical,2,Travel_Rarely,7,No
384,26,Female,"Research & Development","Manufacturing Director",Divorced,"Life Sciences",2,Travel_Frequently,1,No
385,50,Male,"Research & Development","Research Director",Divorced,"Life Sciences",5,Travel_Rarely,4,No
386,53,Male,"Research & Development","Research Director",Married,Medical,4,Travel_Rarely,3,No
387,42,Male,Sales,"Sales Executive",Married,"Life Sciences",2,Travel_Rarely,1,No
388,29,Male,Sales,"Sales Executive",Single,"Life Sciences",2,Travel_Frequently,2,No
389,55,Male,"Research & Development","Laboratory Technician",Married,"Technical Degree",2,Travel_Rarely,20,No
390,26,Male,"Research & Development","Healthcare Representative",Married,Medical,2,Travel_Frequently,11,No
391,37,Female,"Research & Development","Research Scientist",Single,"Life Sciences",1,Travel_Rarely,1,No
392,44,Male,"Research & Development","Laboratory Technician",Divorced,"Life Sciences",1,Travel_Frequently,24,Yes
393,38,Male,"Research & Development","Healthcare Representative",Divorced,"Life Sciences",2,Travel_Rarely,23,No
394,26,Male,"Research & Development","Laboratory Technician",Divorced,Medical,1,Travel_Rarely,16,Yes
395,28,Female,"Research & Development","Research Scientist",Single,"Life Sciences",1,Travel_Rarely,8,No
396,49,Female,"Research & Development","Research Director",Single,"Life Sciences",5,Travel_Frequently,10,No
397,36,Male,"Research & Development","Research Scientist",Single,"Technical Degree",2,Travel_Rarely,3,No
399,31,Female,Sales,"Sales Representative",Divorced,Marketing,1,Travel_Frequently,5,No
401,26,Male,Sales,"Sales Executive",Single,Marketing,2,Travel_Rarely,4,Yes
403,37,Male,"Research & Development","Research Scientist",Married,Medical,1,Travel_Frequently,9,No
404,42,Female,Sales,"Sales Executive",Married,Marketing,4,Travel_Frequently,26,No
405,18,Male,"Research & Development","Laboratory Technician",Single,"Life Sciences",1,Travel_Rarely,3,Yes
406,35,Male,Sales,"Sales Executive",Married,Marketing,3,Travel_Rarely,16,No
407,36,Male,"Research & Development","Laboratory Technician",Married,"Life Sciences",1,Travel_Frequently,18,No
408,51,Male,"Research & Development","Manufacturing Director",Divorced,Medical,2,Travel_Rarely,2,No
410,41,Male,Sales,Manager,Single,"Life Sciences",4,Travel_Rarely,2,No
411,18,Female,Sales,"Sales Representative",Single,Medical,1,Travel_Rarely,10,No
412,28,Male,"Research & Development","Healthcare Representative",Single,Medical,2,Travel_Rarely,16,No
416,31,Male,Sales,"Sales Executive",Married,"Technical Degree",2,Travel_Rarely,7,No
417,39,Male,"Research & Development","Healthcare Representative",Divorced,Medical,3,Travel_Rarely,1,No
419,36,Female,"Research & Development","Laboratory Technician",Married,"Life Sciences",2,Non-Travel,24,No
420,32,Male,Sales,"Sales Executive",Married,"Life Sciences",2,Travel_Rarely,7,No
421,38,Female,"Research & Development","Research Director",Married,"Life Sciences",3,Travel_Rarely,25,No
422,58,Male,"Research & Development","Healthcare Representative",Divorced,"Life Sciences",2,Non-Travel,1,No
423,31,Male,"Research & Development","Research Scientist",Married,"Technical Degree",1,Travel_Rarely,5,No
424,31,Male,"Human Resources","Human Resources",Married,"Human Resources",2,Travel_Rarely,2,No
425,45,Male,"Research & Development","Laboratory Technician",Divorced,"Life Sciences",3,Travel_Frequently,7,No
426,31,Male,"Research & Development","Research Scientist",Divorced,"Life Sciences",1,Travel_Rarely,2,No
428,33,Female,"Research & Development",Manager,Married,"Life Sciences",3,Travel_Frequently,5,No
429,39,Male,"Research & Development",Manager,Married,Medical,4,Travel_Rarely,10,No
430,43,Female,"Research & Development","Laboratory Technician",Single,"Life Sciences",1,Travel_Frequently,10,No
431,49,Female,"Research & Development","Healthcare Representative",Single,"Technical Degree",4,Travel_Rarely,1,No
433,52,Male,"Research & Development","Research Scientist",Married,Medical,2,Travel_Rarely,8,Yes
434,27,Female,"Research & Development","Research Scientist",Single,"Life Sciences",1,Travel_Rarely,5,No
436,32,Female,Sales,"Sales Executive",Married,"Technical Degree",2,Travel_Rarely,8,No
437,27,Male,Sales,"Sales Executive",Single,"Life Sciences",2,Travel_Rarely,2,No
438,31,Male,Sales,"Sales Executive",Divorced,Marketing,2,Travel_Rarely,7,No
439,32,Female,"Research & Development","Research Scientist",Single,Medical,2,Travel_Rarely,2,No
440,28,Male,"Research & Development","Research Scientist",Married,Medical,1,Travel_Rarely,2,Yes
441,30,Female,"Research & Development","Research Scientist",Married,Medical,2,Travel_Rarely,28,No
442,31,Female,"Research & Development","Manufacturing Director",Married,"Life Sciences",3,Travel_Frequently,7,No
444,39,Male,"Research & Development",Manager,Married,Medical,5,Travel_Frequently,7,No
445,39,Female,Sales,"Sales Executive",Married,Medical,2,Travel_Rarely,3,Yes
446,33,Male,Sales,"Sales Executive",Single,Marketing,2,Travel_Frequently,10,No
447,47,Male,"Research & Development","Research Director",Married,"Life Sciences",5,Travel_Rarely,5,No
448,43,Female,"Research & Development","Laboratory Technician",Divorced,"Life Sciences",2,Travel_Frequently,10,No
449,27,Male,Sales,"Sales Executive",Married,Marketing,2,Non-Travel,1,No
450,54,Female,"Research & Development","Research Scientist",Single,"Life Sciences",2,Travel_Frequently,20,No
451,43,Female,"Research & Development","Healthcare Representative",Married,"Life Sciences",3,Travel_Rarely,7,No
452,45,Male,"Research & Development","Research Scientist",Married,Other,2,Travel_Rarely,8,No
453,40,Male,Sales,"Sales Executive",Married,Medical,2,Travel_Rarely,1,No
454,29,Male,"Research & Development","Laboratory Technician",Married,Other,1,Travel_Rarely,8,Yes
455,29,Male,"Research & Development","Laboratory Technician",Single,Other,1,Travel_Rarely,9,No
456,30,Female,Sales,"Sales Executive",Divorced,Marketing,2,Travel_Rarely,5,No
458,27,Female,Sales,"Sales Executive",Married,Marketing,2,Travel_Rarely,8,No
460,37,Male,"Research & Development","Manufacturing Director",Divorced,Medical,2,Travel_Rarely,5,No
461,38,Male,"Research & Development","Research Director",Divorced,"Life Sciences",3,Travel_Rarely,15,No
462,31,Female,"Research & Development","Manufacturing Director",Single,Medical,3,Travel_Rarely,7,No
463,29,Female,Sales,"Sales Executive",Divorced,Marketing,2,Travel_Rarely,10,No
464,35,Male,"Research & Development","Manufacturing Director",Single,"Technical Degree",3,Travel_Rarely,5,No
465,23,Male,"Research & Development","Research Scientist",Divorced,"Life Sciences",1,Travel_Rarely,26,No
466,41,Male,"Research & Development","Manufacturing Director",Single,Medical,2,Travel_Rarely,6,No
467,47,Male,Sales,"Sales Representative",Single,Medical,2,Travel_Frequently,4,No
468,42,Female,"Research & Development","Research Director",Single,"Life Sciences",4,Travel_Rarely,23,No
469,29,Male,Sales,"Sales Executive",Married,"Life Sciences",2,Non-Travel,2,No
470,42,Male,"Human Resources","Human Resources",Divorced,"Technical Degree",1,Travel_Rarely,2,No
471,32,Female,"Research & Development","Laboratory Technician",Married,Medical,1,Travel_Rarely,2,No
473,48,Female,Sales,Manager,Married,Medical,3,Travel_Rarely,29,No
474,37,Male,"Research & Development","Research Scientist",Divorced,Medical,2,Travel_Rarely,6,No
475,30,Female,Sales,"Sales Executive",Married,"Technical Degree",2,Non-Travel,25,No
476,26,Male,Sales,"Sales Executive",Married,"Life Sciences",2,Travel_Rarely,1,No
477,42,Male,"Research & Development","Healthcare Representative",Single,Other,2,Travel_Rarely,2,No
478,21,Female,Sales,"Sales Representative",Single,"Technical Degree",1,Travel_Frequently,1,Yes
479,36,Female,Sales,"Sales Executive",Single,Medical,2,Non-Travel,1,No
481,36,Male,Sales,"Sales Executive",Married,Medical,3,Travel_Frequently,3,No
482,57,Male,"Research & Development","Healthcare Representative",Married,Medical,2,Travel_Rarely,1,No
483,40,Female,"Research & Development","Laboratory Technician",Married,"Life Sciences",1,Travel_Rarely,10,No
484,21,Male,Sales,"Sales Representative",Single,Medical,1,Non-Travel,9,No
485,33,Female,Sales,"Sales Representative",Single,Marketing,1,Travel_Rarely,5,Yes
486,37,Female,"Research & Development","Laboratory Technician",Married,Medical,1,Travel_Rarely,10,No
487,46,Female,"Research & Development","Manufacturing Director",Married,Medical,2,Non-Travel,7,No
488,41,Male,Sales,"Sales Executive",Single,Marketing,2,Travel_Frequently,4,Yes
491,50,Male,"Research & Development","Healthcare Representative",Single,"Technical Degree",3,Travel_Rarely,10,No
492,40,Male,Sales,"Sales Executive",Married,Marketing,2,Travel_Rarely,22,Yes
493,31,Male,"Research & Development","Research Scientist",Single,"Life Sciences",1,Travel_Rarely,9,No
494,21,Female,Sales,"Sales Representative",Single,"Life Sciences",1,Travel_Rarely,12,Yes
495,29,Male,"Research & Development","Research Scientist",Single,"Life Sciences",1,Travel_Rarely,23,No
496,35,Male,"Research & Development","Healthcare Representative",Single,"Life Sciences",2,Travel_Rarely,9,No
497,27,Male,"Research & Development","Laboratory Technician",Divorced,Medical,1,Travel_Rarely,1,No
498,28,Male,Sales,"Sales Executive",Single,"Life Sciences",2,Travel_Rarely,9,No
499,49,Male,"Research & Development","Healthcare Representative",Single,Other,3,Travel_Rarely,7,No
500,51,Female,Sales,"Sales Executive",Married,"Life Sciences",2,Travel_Rarely,14,No
501,36,Female,"Research & Development","Research Scientist",Married,"Life Sciences",1,Travel_Rarely,2,No
502,34,Male,Sales,"Sales Executive",Single,Marketing,2,Non-Travel,19,Yes
505,55,Female,"Research & Development",Manager,Single,"Life Sciences",4,Travel_Rarely,2,No
507,24,Female,Sales,"Sales Executive",Divorced,Marketing,2,Travel_Rarely,10,No
508,30,Male,Sales,"Sales Representative",Married,"Technical Degree",1,Travel_Rarely,2,No
510,26,Male,"Research & Development","Research Scientist",Single,"Technical Degree",1,Travel_Frequently,3,Yes
511,22,Female,"Research & Development","Research Scientist",Married,Medical,1,Travel_Rarely,11,No
513,36,Male,Sales,"Sales Executive",Married,Medical,3,Travel_Rarely,2,No
514,30,Male,"Research & Development","Research Scientist",Single,"Technical Degree",1,Travel_Frequently,4,Yes
515,37,Female,"Research & Development","Laboratory Technician",Divorced,"Life Sciences",1,Travel_Rarely,14,No
516,40,Female,Sales,"Sales Executive",Divorced,Marketing,2,Travel_Rarely,2,No
517,42,Female,"Research & Development","Laboratory Technician",Divorced,"Life Sciences",1,Travel_Rarely,1,No
518,37,Male,"Research & Development","Manufacturing Director",Single,"Life Sciences",2,Travel_Rarely,10,No
520,43,Male,"Research & Development","Research Director",Divorced,"Life Sciences",4,Travel_Rarely,12,No
521,40,Female,"Research & Development","Laboratory Technician",Married,Medical,2,Travel_Rarely,2,No
522,54,Male,"Research & Development","Research Director",Married,Medical,5,Travel_Rarely,5,No
523,34,Female,Sales,"Sales Executive",Married,Marketing,2,Non-Travel,4,No
524,31,Female,"Research & Development","Manufacturing Director",Married,Medical,2,Travel_Rarely,7,No
525,43,Male,"Research & Development","Laboratory Technician",Married,Medical,1,Travel_Frequently,21,No
526,43,Female,"Research & Development","Healthcare Representative",Divorced,Other,2,Travel_Rarely,8,No
527,25,Female,Sales,"Sales Executive",Single,"Life Sciences",2,Travel_Rarely,4,No
529,37,Female,"Research & Development","Research Scientist",Married,Medical,2,Non-Travel,25,No
530,31,Male,"Research & Development","Laboratory Technician",Married,"Life Sciences",1,Travel_Rarely,1,No
531,39,Male,"Research & Development",Manager,Divorced,"Life Sciences",5,Travel_Frequently,1,No
532,56,Female,Sales,"Sales Executive",Married,"Life Sciences",4,Travel_Frequently,6,No
533,30,Female,Sales,"Sales Executive",Single,"Technical Degree",2,Travel_Rarely,12,No
534,41,Male,Sales,"Sales Executive",Married,Marketing,3,Travel_Rarely,1,No
536,28,Male,"Research & Development","Laboratory Technician",Divorced,Medical,2,Travel_Rarely,17,No
538,25,Male,"Research & Development","Laboratory Technician",Married,Medical,1,Travel_Rarely,3,Yes
543,52,Male,"Research & Development","Manufacturing Director",Married,Medical,3,Travel_Rarely,3,No
544,45,Male,"Research & Development","Research Scientist",Married,"Life Sciences",1,Travel_Rarely,10,No
546,52,Female,"Research & Development",Manager,Married,"Life Sciences",4,Travel_Rarely,4,No
547,42,Female,"Research & Development","Research Scientist",Divorced,"Life Sciences",2,Travel_Frequently,29,No
548,30,Female,"Research & Development","Manufacturing Director",Single,"Life Sciences",2,Travel_Rarely,2,No
549,60,Female,"Research & Development",Manager,Married,"Life Sciences",5,Travel_Rarely,7,No
550,46,Female,"Research & Development","Manufacturing Director",Divorced,Medical,2,Travel_Rarely,18,No
551,42,Female,"Research & Development","Healthcare Representative",Married,"Technical Degree",2,Travel_Frequently,28,No
554,24,Female,Sales,"Sales Representative",Single,"Technical Degree",1,Travel_Rarely,1,Yes
555,34,Female,Sales,"Sales Representative",Divorced,Marketing,1,Travel_Frequently,6,Yes
556,38,Male,"Research & Development","Laboratory Technician",Married,"Life Sciences",1,Travel_Frequently,2,No
558,40,Female,Sales,Manager,Married,"Life Sciences",5,Travel_Rarely,2,No
560,26,Female,"Research & Development","Research Scientist",Divorced,"Life Sciences",1,Travel_Rarely,23,No
562,30,Male,"Research & Development","Laboratory Technician",Married,"Life Sciences",1,Non-Travel,3,No
564,29,Male,"Research & Development","Research Director",Married,Medical,3,Travel_Rarely,3,No
565,29,Female,"Research & Development","Research Scientist",Married,"Technical Degree",1,Travel_Rarely,25,Yes
566,19,Male,"Human Resources","Human Resources",Single,"Technical Degree",1,Travel_Rarely,2,Yes
567,30,Female,Sales,"Sales Executive",Married,Other,3,Non-Travel,22,No
568,57,Male,Sales,Manager,Divorced,Marketing,4,Travel_Rarely,29,No
569,50,Male,"Research & Development",Manager,Married,"Life Sciences",4,Travel_Rarely,29,No
571,30,Female,"Research & Development","Laboratory Technician",Single,Medical,1,Non-Travel,2,No
573,60,Female,Sales,"Sales Executive",Married,Marketing,3,Travel_Frequently,28,No
574,47,Female,"Research & Development","Manufacturing Director",Divorced,Medical,2,Travel_Rarely,2,No
575,46,Male,"Research & Development","Research Director",Married,"Life Sciences",4,Travel_Rarely,2,No
577,35,Male,"Research & Development","Laboratory Technician",Single,"Life Sciences",1,Travel_Rarely,22,No
578,54,Female,"Research & Development","Laboratory Technician",Single,"Life Sciences",2,Travel_Rarely,8,No
579,34,Male,"Research & Development","Research Scientist",Divorced,"Life Sciences",1,Travel_Rarely,2,No
580,46,Female,Sales,"Sales Executive",Married,Marketing,3,Travel_Rarely,10,No
581,31,Male,"Research & Development","Manufacturing Director",Divorced,"Life Sciences",3,Travel_Rarely,9,No
582,33,Male,"Research & Development",Manager,Married,Medical,3,Travel_Rarely,15,Yes
584,33,Male,"Research & Development","Laboratory Technician",Divorced,Medical,1,Travel_Rarely,10,Yes
585,30,Male,Sales,"Sales Representative",Single,Marketing,1,Travel_Rarely,7,No
586,35,Male,"Research & Development","Healthcare Representative",Married,"Life Sciences",3,Travel_Rarely,16,No
587,31,Male,"Research & Development","Healthcare Representative",Married,"Life Sciences",3,Travel_Frequently,20,Yes
590,34,Female,"Human Resources","Human Resources",Divorced,"Human Resources",3,Travel_Frequently,23,Yes
591,42,Male,"Research & Development","Laboratory Technician",Married,Other,1,Travel_Frequently,5,No
592,36,Male,Sales,"Sales Executive",Single,Medical,3,Non-Travel,10,No
593,22,Male,"Research & Development","Laboratory Technician",Single,"Technical Degree",1,Travel_Frequently,4,Yes
595,48,Female,Sales,"Sales Executive",Married,Marketing,2,Travel_Rarely,2,No
597,55,Female,Sales,Manager,Single,"Life Sciences",4,Travel_Rarely,18,No
599,41,Male,Sales,"Sales Executive",Single,"Life Sciences",2,Non-Travel,10,No
600,35,Male,Sales,"Sales Executive",Married,Marketing,2,Travel_Rarely,1,No
601,40,Female,"Research & Development","Manufacturing Director",Single,"Life Sciences",4,Travel_Rarely,6,No
602,39,Female,"Research & Development","Laboratory Technician",Married,"Life Sciences",1,Travel_Frequently,8,No
604,31,Male,Sales,"Sales Executive",Single,"Life Sciences",2,Travel_Rarely,2,No
605,42,Male,"Research & Development","Manufacturing Director",Married,Medical,3,Travel_Rarely,24,No
606,45,Male,Sales,"Sales Executive",Married,Other,2,Travel_Rarely,2,No
608,26,Female,"Human Resources","Human Resources",Divorced,"Life Sciences",1,Travel_Frequently,17,Yes
611,29,Male,"Research & Development","Manufacturing Director",Divorced,"Technical Degree",2,Travel_Rarely,19,No
612,33,Female,"Research & Development","Research Director",Divorced,Medical,4,Travel_Rarely,1,No
613,31,Male,Sales,Manager,Divorced,"Life Sciences",3,Travel_Rarely,7,No
614,18,Male,Sales,"Sales Representative",Single,Marketing,1,Travel_Frequently,5,Yes
615,40,Male,Sales,"Sales Executive",Divorced,Other,3,Non-Travel,28,No
616,41,Female,"Research & Development","Healthcare Representative",Single,Other,2,Non-Travel,2,No
618,26,Male,Sales,"Sales Executive",Divorced,Medical,2,Travel_Rarely,29,No
620,35,Female,Sales,"Sales Executive",Single,Medical,2,Travel_Rarely,1,No
621,34,Male,Sales,"Sales Executive",Single,"Life Sciences",2,Travel_Rarely,21,No
622,26,Male,"Research & Development","Laboratory Technician",Single,"Technical Degree",1,Travel_Rarely,24,Yes
623,37,Female,"Research & Development","Manufacturing Director",Single,"Technical Degree",3,Travel_Rarely,1,No
624,46,Female,"Research & Development","Healthcare Representative",Married,Medical,3,Travel_Frequently,18,No
625,41,Female,Sales,Manager,Married,"Life Sciences",4,Travel_Rarely,2,No
626,37,Male,Sales,"Sales Executive",Divorced,Medical,3,Non-Travel,9,No
630,52,Male,"Research & Development","Research Scientist",Divorced,"Technical Degree",2,Travel_Rarely,6,No
631,32,Male,Sales,"Sales Executive",Married,Other,2,Non-Travel,11,Yes
632,24,Male,Sales,"Sales Representative",Married,Medical,1,Travel_Frequently,24,No
634,38,Female,"Research & Development","Healthcare Representative",Married,Medical,2,Travel_Rarely,10,No
635,37,Female,"Research & Development","Manufacturing Director",Married,"Life Sciences",2,Travel_Rarely,1,No
638,49,Male,"Research & Development","Research Director",Divorced,"Life Sciences",5,Travel_Rarely,18,No
639,24,Male,"Research & Development","Research Scientist",Married,Medical,1,Travel_Rarely,23,No
641,26,Male,Sales,"Sales Executive",Married,Marketing,2,Travel_Rarely,28,No
643,24,Male,"Research & Development","Laboratory Technician",Married,Other,1,Travel_Rarely,17,No
644,50,Male,"Human Resources",Manager,Married,Medical,5,Travel_Frequently,3,No
645,25,Male,Sales,"Sales Representative",Married,Medical,1,Travel_Rarely,13,No
647,24,Female,"Research & Development","Laboratory Technician",Married,"Life Sciences",1,Travel_Frequently,7,Yes
648,30,Male,Sales,"Sales Representative",Married,"Life Sciences",1,Travel_Frequently,12,Yes
649,34,Male,"Research & Development","Research Scientist",Married,"Life Sciences",1,Travel_Rarely,1,No
650,31,Male,Sales,"Sales Executive",Divorced,Medical,2,Travel_Rarely,13,Yes
652,35,Male,"Research & Development","Laboratory Technician",Single,Other,2,Travel_Rarely,25,No
653,31,Male,Sales,"Sales Executive",Divorced,Medical,2,Travel_Rarely,6,No
655,27,Female,"Research & Development","Research Scientist",Divorced,Medical,1,Travel_Rarely,6,No
656,37,Male,Sales,"Sales Executive",Married,Marketing,2,Travel_Rarely,2,No
657,20,Female,"Research & Development","Research Scientist",Single,"Life Sciences",1,Travel_Rarely,1,No
659,42,Female,"Research & Development","Healthcare Representative",Married,"Life Sciences",2,Travel_Rarely,2,No
661,43,Male,"Research & Development","Research Director",Divorced,Other,4,Travel_Rarely,6,No
662,38,Female,"Research & Development","Research Scientist",Single,"Life Sciences",1,Travel_Rarely,1,No
663,43,Male,"Research & Development","Laboratory Technician",Divorced,Medical,2,Travel_Frequently,9,No
664,48,Female,"Research & Development",Manager,Married,"Life Sciences",4,Travel_Rarely,1,No
665,44,Female,"Human Resources","Human Resources",Single,"Life Sciences",2,Travel_Rarely,1,No
666,34,Female,Sales,"Sales Representative",Divorced,"Technical Degree",1,Travel_Rarely,14,No
667,27,Male,Sales,"Sales Representative",Divorced,Marketing,1,Travel_Rarely,2,Yes
669,21,Male,Sales,"Sales Representative",Single,"Technical Degree",1,Travel_Rarely,22,No
671,44,Male,"Research & Development",Manager,Married,Other,5,Travel_Rarely,3,No
675,22,Male,"Research & Development","Research Scientist",Married,Medical,1,Travel_Rarely,6,No
677,33,Male,Sales,"Sales Executive",Divorced,Marketing,2,Travel_Rarely,8,No
679,32,Female,"Research & Development","Research Scientist",Married,"Life Sciences",2,Travel_Rarely,9,No
680,30,Female,"Research & Development","Research Scientist",Divorced,Medical,1,Travel_Frequently,3,No
682,53,Female,Sales,"Sales Executive",Single,Medical,2,Travel_Rarely,1,No
683,34,Male,"Research & Development","Research Scientist",Married,"Life Sciences",1,Travel_Rarely,1,No
684,45,Female,Sales,"Sales Executive",Married,"Life Sciences",2,Travel_Frequently,26,Yes
686,26,Female,"Research & Development","Laboratory Technician",Married,"Life Sciences",1,Travel_Rarely,6,No
689,37,Male,"Research & Development","Manufacturing Director",Married,Other,3,Travel_Rarely,3,No
690,29,Female,Sales,"Sales Executive",Married,Medical,2,Travel_Rarely,3,No
691,35,Male,"Research & Development","Research Scientist",Single,"Life Sciences",2,Travel_Rarely,6,No
692,33,Male,"Research & Development","Healthcare Representative",Divorced,"Life Sciences",2,Travel_Frequently,6,No
698,54,Male,"Human Resources","Human Resources",Married,Medical,3,Travel_Rarely,19,No
699,36,Male,"Research & Development","Manufacturing Director",Divorced,Medical,2,Travel_Rarely,9,No
700,27,Male,"Research & Development","Research Scientist",Single,Medical,1,Travel_Rarely,3,No
701,20,Male,"Research & Development","Research Scientist",Single,Medical,1,Travel_Rarely,10,Yes
702,33,Male,"Research & Development","Research Scientist",Single,"Life Sciences",1,Travel_Frequently,3,Yes
704,35,Male,"Research & Development","Laboratory Technician",Married,"Life Sciences",1,Non-Travel,3,No
705,23,Male,"Research & Development","Research Scientist",Married,Medical,1,Travel_Rarely,4,No
707,25,Male,Sales,"Sales Executive",Married,"Life Sciences",2,Travel_Rarely,8,No
709,38,Female,Sales,"Sales Executive",Single,Marketing,2,Travel_Rarely,7,No
710,29,Male,"Research & Development","Research Scientist",Divorced,"Life Sciences",1,Travel_Frequently,1,No
712,48,Male,Sales,"Sales Executive",Married,Marketing,2,Travel_Rarely,2,No
714,27,Female,Sales,"Sales Executive",Divorced,Medical,2,Travel_Frequently,3,No
715,37,Male,"Research & Development","Research Scientist",Single,"Life Sciences",1,Travel_Rarely,10,No
716,50,Male,"Research & Development","Laboratory Technician",Married,Medical,1,Travel_Rarely,28,No
717,34,Female,"Research & Development","Healthcare Representative",Single,Medical,3,Travel_Rarely,9,No
720,24,Female,Sales,"Sales Executive",Single,"Life Sciences",2,Travel_Rarely,3,Yes
721,39,Female,"Research & Development","Healthcare Representative",Single,"Technical Degree",2,Travel_Rarely,2,No
722,32,Male,Sales,"Sales Executive",Single,Marketing,2,Travel_Rarely,10,No
723,50,Male,Sales,"Sales Executive",Married,"Technical Degree",2,Travel_Frequently,8,Yes
724,38,Female,"Research & Development","Healthcare Representative",Single,"Life Sciences",2,Travel_Rarely,1,No
725,27,Female,"Research & Development","Manufacturing Director",Married,"Life Sciences",3,Travel_Rarely,1,No
727,32,Female,"Research & Development","Research Director",Single,"Life Sciences",3,Travel_Rarely,3,No
728,47,Male,Sales,"Sales Executive",Single,Marketing,2,Travel_Rarely,14,No
729,40,Male,Sales,"Sales Executive",Married,"Life Sciences",3,Travel_Frequently,5,No
730,53,Male,"Research & Development","Research Director",Married,"Life Sciences",4,Travel_Rarely,7,No
731,41,Male,"Human Resources",Manager,Divorced,"Human Resources",5,Travel_Rarely,10,No
732,60,Male,Sales,"Sales Executive",Single,Marketing,2,Travel_Rarely,16,No
733,27,Male,"Research & Development","Manufacturing Director",Divorced,"Life Sciences",3,Travel_Frequently,10,No
734,41,Male,"Human Resources",Manager,Married,"Human Resources",5,Travel_Rarely,1,No
738,50,Male,Sales,"Sales Representative",Married,Marketing,1,Travel_Rarely,8,No
741,28,Female,"Research & Development","Research Scientist",Single,"Life Sciences",1,Travel_Rarely,1,Yes
742,36,Female,"Research & Development","Research Director",Married,"Life Sciences",3,Non-Travel,8,No
743,38,Female,"Research & Development","Manufacturing Director",Single,"Life Sciences",3,Travel_Rarely,1,No
744,44,Male,"Research & Development","Laboratory Technician",Single,Medical,1,Non-Travel,24,No
746,47,Female,Sales,"Sales Executive",Divorced,Medical,4,Travel_Frequently,3,No
747,30,Male,Sales,"Sales Executive",Divorced,Marketing,2,Travel_Rarely,27,No
749,29,Male,Sales,"Sales Representative",Single,"Life Sciences",1,Travel_Rarely,10,No
752,42,Male,"Research & Development","Research Scientist",Divorced,Medical,1,Travel_Frequently,19,Yes
754,43,Male,Sales,"Sales Executive",Married,"Life Sciences",2,Travel_Frequently,15,No
757,34,Female,"Research & Development","Healthcare Representative",Single,Medical,2,Travel_Rarely,8,No
758,23,Male,"Research & Development","Laboratory Technician",Married,Medical,1,Travel_Rarely,9,No
760,39,Female,"Human Resources","Human Resources",Married,"Human Resources",2,Travel_Rarely,3,No
762,56,Male,"Research & Development","Healthcare Representative",Married,Medical,4,Travel_Rarely,9,No
763,40,Female,"Research & Development","Research Scientist",Single,Medical,1,Travel_Rarely,2,No
764,27,Female,"Research & Development","Healthcare Representative",Single,Medical,2,Travel_Rarely,7,No
766,29,Male,Sales,"Sales Representative",Divorced,Marketing,1,Travel_Rarely,10,No
769,53,Male,"Research & Development","Laboratory Technician",Single,"Life Sciences",2,Travel_Rarely,6,No
771,35,Female,"Research & Development","Healthcare Representative",Divorced,"Life Sciences",2,Non-Travel,2,No
772,32,Male,"Research & Development","Laboratory Technician",Married,"Life Sciences",2,Travel_Frequently,24,No
773,38,Male,"Research & Development","Research Scientist",Married,Medical,1,Travel_Rarely,2,No
775,34,Female,"Research & Development","Manufacturing Director",Divorced,"Life Sciences",2,Travel_Rarely,8,No
776,52,Male,Sales,Manager,Married,Marketing,4,Travel_Rarely,3,No
780,33,Male,"Research & Development","Research Scientist",Single,Other,1,Travel_Rarely,1,Yes
781,25,Female,Sales,"Sales Executive",Single,Medical,2,Travel_Rarely,26,No
783,45,Male,Sales,"Sales Representative",Single,"Technical Degree",2,Travel_Rarely,2,No
784,23,Male,"Research & Development","Research Scientist",Single,Medical,1,Travel_Rarely,10,No
785,47,Female,Sales,"Sales Executive",Single,"Life Sciences",2,Travel_Frequently,27,Yes
786,34,Male,Sales,"Sales Executive",Single,Other,2,Travel_Rarely,2,No
787,55,Male,"Research & Development",Manager,Married,Medical,5,Travel_Rarely,2,Yes
789,36,Male,Sales,"Sales Executive",Single,"Life Sciences",3,Non-Travel,8,No
791,52,Male,"Research & Development","Research Scientist",Married,Medical,1,Non-Travel,19,No
792,26,Female,"Research & Development","Laboratory Technician",Divorced,"Life Sciences",1,Travel_Frequently,1,No
793,29,Female,"Research & Development","Healthcare Representative",Married,Medical,2,Travel_Rarely,27,No
796,26,Male,Sales,"Sales Executive",Single,"Technical Degree",2,Travel_Rarely,8,Yes
797,34,Female,"Research & Development","Research Scientist",Single,"Life Sciences",1,Travel_Rarely,1,No
799,54,Female,"Research & Development","Manufacturing Director",Divorced,Medical,2,Travel_Rarely,19,No
800,27,Male,Sales,"Sales Executive",Married,Marketing,2,Travel_Frequently,8,No
802,37,Female,"Research & Development","Research Scientist",Divorced,"Life Sciences",1,Travel_Rarely,10,No
803,38,Female,"Research & Development","Manufacturing Director",Single,"Life Sciences",2,Travel_Frequently,2,No
804,34,Female,"Research & Development","Research Scientist",Single,Medical,1,Travel_Rarely,2,No
805,35,Female,Sales,"Sales Representative",Married,"Life Sciences",1,Travel_Rarely,8,No
806,30,Male,"Research & Development","Laboratory Technician",Married,"Life Sciences",1,Travel_Rarely,1,No
807,40,Female,"Research & Development","Healthcare Representative",Married,Medical,2,Travel_Frequently,2,No
808,34,Female,Sales,"Sales Executive",Married,"Life Sciences",2,Travel_Rarely,8,No
809,42,Male,"Research & Development",Manager,Divorced,"Life Sciences",5,Travel_Frequently,8,No
811,23,Male,"Research & Development","Laboratory Technician",Married,"Life Sciences",1,Travel_Rarely,6,Yes
812,24,Male,"Research & Development","Laboratory Technician",Divorced,"Life Sciences",1,Non-Travel,9,No
813,52,Female,"Research & Development","Laboratory Technician",Married,"Life Sciences",2,Travel_Rarely,11,No
815,50,Male,"Research & Development","Research Director",Married,Medical,4,Travel_Rarely,2,No
816,29,Female,"Research & Development","Laboratory Technician",Married,"Life Sciences",1,Travel_Rarely,1,Yes
817,33,Male,"Research & Development","Research Director",Married,Medical,3,Travel_Rarely,7,No
819,33,Female,Sales,"Sales Executive",Single,Marketing,2,Travel_Rarely,16,Yes
820,47,Female,"Research & Development",Manager,Married,Other,4,Travel_Rarely,2,No
823,36,Female,"Research & Development","Manufacturing Director",Married,Other,2,Travel_Rarely,1,No
824,29,Male,"Research & Development","Research Scientist",Married,"Life Sciences",1,Travel_Rarely,23,No
825,58,Male,"Research & Development","Research Director",Single,"Life Sciences",5,Travel_Rarely,2,Yes
826,35,Female,"Research & Development","Research Scientist",Single,"Life Sciences",1,Travel_Rarely,1,No
827,42,Female,"Research & Development","Manufacturing Director",Married,"Life Sciences",2,Travel_Rarely,1,No
828,28,Male,"Research & Development","Research Scientist",Single,Medical,1,Travel_Rarely,2,Yes
829,36,Male,"Human Resources","Human Resources",Married,"Human Resources",1,Travel_Rarely,13,No
830,32,Female,"Research & Development","Manufacturing Director",Married,"Life Sciences",2,Travel_Rarely,4,No
832,40,Male,"Research & Development","Laboratory Technician",Single,Medical,2,Travel_Frequently,16,No
833,30,Female,"Research & Development","Manufacturing Director",Single,Medical,2,Travel_Rarely,2,No
834,45,Female,"Research & Development","Research Scientist",Single,"Life Sciences",1,Travel_Rarely,2,No
836,42,Male,"Research & Development","Manufacturing Director",Married,"Life Sciences",2,Travel_Rarely,29,No
837,38,Male,"Research & Development","Healthcare Representative",Divorced,"Life Sciences",2,Travel_Frequently,12,No
838,34,Female,"Research & Development","Research Scientist",Single,"Life Sciences",1,Travel_Frequently,16,No
840,49,Female,Sales,"Sales Executive",Married,Marketing,3,Travel_Rarely,11,Yes
842,55,Male,Sales,"Sales Executive",Single,Medical,2,Travel_Rarely,2,Yes
843,43,Male,"Research & Development","Research Director",Married,"Life Sciences",4,Travel_Rarely,14,No
844,27,Male,"Research & Development","Research Director",Divorced,"Technical Degree",3,Travel_Rarely,5,No
845,35,Male,"Research & Development","Manufacturing Director",Single,Other,3,Travel_Rarely,7,No
846,28,Female,Sales,"Sales Executive",Married,Marketing,2,Travel_Rarely,2,No
847,34,Male,"Human Resources","Human Resources",Married,"Human Resources",1,Travel_Rarely,3,No
848,26,Female,"Research & Development","Research Scientist",Married,Medical,1,Travel_Frequently,5,Yes
850,27,Male,"Research & Development","Research Scientist",Married,Medical,1,Non-Travel,3,No
851,51,Female,Sales,Manager,Married,Marketing,4,Travel_Rarely,26,No
852,44,Male,"Research & Development","Healthcare Representative",Single,Medical,2,Travel_Rarely,4,No
854,25,Male,"Research & Development","Research Scientist",Single,Medical,1,Travel_Rarely,2,No
855,33,Male,Sales,"Sales Executive",Divorced,Medical,2,Travel_Rarely,1,No
856,35,Female,"Research & Development","Research Scientist",Single,Medical,1,Travel_Rarely,27,No
857,36,Male,Sales,"Sales Executive",Married,"Life Sciences",2,Travel_Rarely,1,No
859,32,Male,Sales,"Sales Executive",Divorced,"Life Sciences",2,Travel_Rarely,13,No
861,30,Male,"Research & Development","Research Scientist",Divorced,"Life Sciences",1,Travel_Frequently,5,No
862,53,Female,Sales,"Sales Executive",Married,Marketing,3,Travel_Rarely,7,No
864,45,Male,Sales,"Sales Executive",Divorced,Marketing,3,Travel_Rarely,9,No
865,32,Female,"Research & Development","Research Scientist",Married,Medical,2,Travel_Rarely,8,No
867,52,Female,"Research & Development","Manufacturing Director",Married,Medical,4,Travel_Frequently,25,No
868,37,Male,Sales,"Sales Executive",Divorced,Marketing,2,Travel_Rarely,16,No
869,28,Male,"Human Resources","Human Resources",Divorced,Medical,1,Travel_Rarely,8,No
872,22,Male,"Research & Development","Manufacturing Director",Married,"Life Sciences",2,Travel_Rarely,1,No
874,44,Male,"Research & Development","Laboratory Technician",Married,"Life Sciences",1,Travel_Rarely,8,No
875,42,Male,"Research & Development","Research Scientist",Single,Medical,1,Travel_Frequently,2,No
878,36,Male,"Human Resources","Human Resources",Married,"Life Sciences",1,Travel_Rarely,8,No
879,25,Male,Sales,"Sales Executive",Married,Other,2,Travel_Rarely,3,No
880,35,Female,"Research & Development","Manufacturing Director",Married,"Life Sciences",3,Travel_Rarely,9,No
881,35,Female,"Research & Development","Research Scientist",Divorced,"Life Sciences",1,Travel_Frequently,25,Yes
882,32,Male,"Research & Development","Laboratory Technician",Divorced,"Life Sciences",1,Non-Travel,1,No
885,25,Male,Sales,"Sales Executive",Married,Marketing,2,Travel_Rarely,4,No
887,49,Female,"Research & Development","Research Scientist",Married,"Technical Degree",1,Travel_Rarely,1,No
888,24,Male,"Research & Development","Laboratory Technician",Married,"Life Sciences",1,Non-Travel,4,No
889,32,Male,Sales,"Sales Executive",Married,"Life Sciences",2,Travel_Frequently,5,No
893,38,Male,Sales,"Sales Representative",Married,Marketing,1,Travel_Rarely,9,No
894,42,Female,"Research & Development","Laboratory Technician",Married,"Life Sciences",2,Travel_Rarely,3,No
895,31,Male,"Research & Development","Research Scientist",Married,"Life Sciences",1,Travel_Rarely,11,No
896,29,Female,Sales,"Sales Representative",Divorced,Medical,1,Travel_Rarely,1,Yes
897,53,Male,Sales,"Sales Executive",Married,Marketing,4,Travel_Rarely,8,No
899,35,Male,"Research & Development","Manufacturing Director",Married,"Technical Degree",3,Travel_Rarely,25,No
900,37,Female,Sales,"Sales Representative",Married,Medical,1,Travel_Frequently,21,No
901,53,Female,"Research & Development","Research Director",Single,"Life Sciences",4,Travel_Rarely,23,No
902,43,Female,"Research & Development","Healthcare Representative",Married,"Life Sciences",2,Travel_Frequently,1,No
903,47,Female,Sales,"Sales Executive",Married,Marketing,2,Travel_Rarely,2,No
904,37,Male,Sales,"Sales Executive",Single,Medical,3,Non-Travel,19,No
905,50,Male,"Research & Development",Manager,Divorced,"Life Sciences",4,Non-Travel,2,No
909,39,Female,"Human Resources","Human Resources",Married,"Life Sciences",2,Travel_Rarely,2,No
910,33,Male,"Human Resources","Human Resources",Divorced,"Human Resources",1,Travel_Rarely,3,No
911,32,Male,"Research & Development","Laboratory Technician",Single,"Life Sciences",1,Travel_Rarely,25,Yes
912,29,Female,"Research & Development","Laboratory Technician",Divorced,Medical,1,Travel_Rarely,7,No
913,44,Male,"Research & Development","Research Scientist",Married,"Life Sciences",1,Travel_Rarely,9,No
916,28,Male,Sales,"Sales Executive",Single,Medical,2,Travel_Rarely,5,No
918,58,Male,"Research & Development","Laboratory Technician",Divorced,"Life Sciences",1,Travel_Frequently,2,Yes
920,43,Female,"Research & Development","Manufacturing Director",Divorced,"Life Sciences",2,Travel_Rarely,8,No
922,20,Female,Sales,"Sales Representative",Single,Medical,1,Travel_Rarely,2,Yes
923,21,Female,"Research & Development","Research Scientist",Single,Other,1,Travel_Rarely,18,Yes
924,36,Male,"Research & Development","Healthcare Representative",Married,"Life Sciences",2,Travel_Rarely,14,No
925,47,Female,Sales,"Sales Representative",Single,"Life Sciences",1,Travel_Rarely,2,No
926,22,Female,"Research & Development","Manufacturing Director",Married,"Life Sciences",2,Travel_Rarely,3,Yes
927,41,Female,"Research & Development","Laboratory Technician",Divorced,"Life Sciences",1,Travel_Rarely,2,Yes
930,28,Female,"Research & Development","Research Scientist",Divorced,Medical,1,Travel_Rarely,9,No
932,39,Male,"Research & Development","Laboratory Technician",Married,Medical,1,Travel_Rarely,6,Yes
933,27,Female,"Research & Development","Research Scientist",Single,"Life Sciences",1,Travel_Rarely,4,No
934,34,Male,"Research & Development","Laboratory Technician",Divorced,"Life Sciences",1,Travel_Rarely,10,No
936,42,Female,Sales,"Sales Executive",Single,Medical,2,Travel_Rarely,14,No
939,33,Male,"Research & Development","Research Scientist",Single,Other,1,Travel_Rarely,1,No
940,58,Female,"Research & Development","Healthcare Representative",Divorced,"Technical Degree",3,Travel_Rarely,5,No
941,31,Male,Sales,"Sales Representative",Married,"Life Sciences",1,Travel_Rarely,7,No
942,35,Female,"Research & Development","Healthcare Representative",Married,"Life Sciences",2,Travel_Rarely,21,No
944,49,Female,"Research & Development","Laboratory Technician",Married,Other,3,Travel_Rarely,8,No
945,48,Male,"Research & Development","Research Scientist",Married,Medical,1,Travel_Rarely,20,No
947,31,Female,Sales,"Sales Executive",Married,Marketing,2,Non-Travel,20,No
949,36,Male,"Research & Development","Research Scientist",Single,Other,1,Travel_Rarely,7,No
950,38,Female,"Research & Development","Research Director",Married,"Technical Degree",3,Travel_Rarely,1,No
951,32,Female,"Research & Development","Laboratory Technician",Married,"Life Sciences",1,Non-Travel,1,No
952,25,Male,Sales,"Sales Representative",Married,Marketing,1,Travel_Rarely,19,Yes
954,40,Male,Sales,"Sales Executive",Divorced,Marketing,3,Travel_Rarely,10,No
956,26,Male,Sales,"Sales Executive",Single,Medical,2,Travel_Frequently,1,No
957,41,Male,"Research & Development","Laboratory Technician",Single,Medical,1,Travel_Rarely,6,No
958,36,Male,"Research & Development","Laboratory Technician",Single,Medical,1,Travel_Rarely,2,No
959,19,Male,Sales,"Sales Representative",Single,Other,1,Travel_Rarely,21,Yes
960,20,Male,"Research & Development","Laboratory Technician",Single,"Technical Degree",1,Travel_Rarely,4,Yes
961,31,Female,"Research & Development","Healthcare Representative",Married,Medical,2,Travel_Rarely,12,No
964,40,Male,"Research & Development","Research Scientist",Divorced,Medical,1,Travel_Frequently,9,No
966,32,Female,"Research & Development","Manufacturing Director",Married,Medical,2,Travel_Rarely,3,No
967,36,Male,Sales,"Sales Executive",Married,"Life Sciences",3,Travel_Rarely,3,Yes
969,33,Female,"Research & Development","Healthcare Representative",Single,"Life Sciences",2,Travel_Rarely,1,No
970,37,Male,Sales,"Sales Executive",Married,"Life Sciences",3,Travel_Rarely,1,Yes
972,45,Male,"Research & Development","Laboratory Technician",Married,"Life Sciences",2,Non-Travel,4,No
974,29,Female,Sales,"Sales Representative",Married,"Technical Degree",1,Travel_Frequently,20,No
975,35,Female,Sales,"Sales Executive",Married,Medical,2,Travel_Rarely,18,No
976,52,Male,"Research & Development",Manager,Married,"Life Sciences",4,Travel_Rarely,1,No
977,58,Male,"Research & Development","Research Scientist",Single,"Technical Degree",1,Travel_Rarely,2,Yes
981,53,Male,Sales,Manager,Divorced,Medical,4,Travel_Rarely,2,No
982,30,Male,Sales,"Sales Executive",Divorced,Other,3,Travel_Rarely,8,No
983,38,Female,Sales,"Sales Executive",Single,"Technical Degree",2,Non-Travel,10,No
984,35,Male,Sales,"Sales Executive",Divorced,"Life Sciences",3,Travel_Rarely,3,No
985,39,Male,Sales,"Sales Executive",Single,"Life Sciences",3,Travel_Rarely,2,No
986,40,Female,Sales,"Sales Executive",Single,"Life Sciences",4,Non-Travel,24,Yes
987,47,Male,"Research & Development","Manufacturing Director",Divorced,Medical,2,Travel_Frequently,16,No
990,36,Male,Sales,"Sales Executive",Divorced,"Technical Degree",2,Non-Travel,8,No
991,31,Male,"Research & Development","Research Scientist",Single,Medical,1,Non-Travel,9,Yes
992,33,Male,Sales,Manager,Single,"Life Sciences",4,Non-Travel,17,No
994,29,Female,"Research & Development","Research Scientist",Single,"Life Sciences",1,Travel_Rarely,10,Yes
995,33,Female,"Research & Development","Research Scientist",Single,"Life Sciences",1,Travel_Rarely,13,No
996,45,Female,"Research & Development","Laboratory Technician",Divorced,Medical,1,Travel_Rarely,1,No
997,50,Male,"Research & Development","Research Director",Divorced,Medical,4,Travel_Rarely,1,No
998,33,Female,"Research & Development","Healthcare Representative",Married,Other,2,Travel_Frequently,1,No
999,41,Male,"Research & Development","Research Director",Divorced,Medical,5,Travel_Frequently,9,No
1001,27,Female,"Research & Development","Laboratory Technician",Married,"Technical Degree",1,Travel_Rarely,16,No
1002,45,Male,"Research & Development","Laboratory Technician",Married,"Life Sciences",2,Non-Travel,23,No
1003,47,Female,Sales,"Sales Executive",Single,"Life Sciences",2,Travel_Rarely,4,No
1004,30,Female,"Research & Development","Research Scientist",Married,"Life Sciences",1,Travel_Rarely,22,Yes
1005,50,Male,"Research & Development","Manufacturing Director",Married,"Life Sciences",4,Travel_Rarely,24,No
1006,38,Male,"Research & Development","Research Scientist",Married,Medical,1,Travel_Frequently,10,No
1007,46,Male,"Research & Development","Manufacturing Director",Divorced,Medical,3,Travel_Rarely,7,No
1009,24,Female,"Research & Development","Manufacturing Director",Divorced,Medical,2,Travel_Rarely,17,No
1010,35,Male,"Research & Development","Laboratory Technician",Divorced,Other,1,Travel_Rarely,14,Yes
1011,31,Female,"Research & Development","Manufacturing Director",Married,"Life Sciences",2,Travel_Frequently,1,No
1012,18,Male,"Research & Development","Research Scientist",Single,"Life Sciences",1,Non-Travel,5,No
1013,54,Female,"Research & Development","Manufacturing Director",Married,"Technical Degree",3,Travel_Rarely,17,No
1014,35,Female,"Research & Development","Healthcare Representative",Divorced,Medical,3,Travel_Rarely,25,No
1015,30,Female,"Research & Development","Research Director",Married,"Life Sciences",3,Travel_Rarely,8,No
1016,20,Female,"Research & Development","Research Scientist",Single,Medical,1,Travel_Rarely,11,Yes
1017,30,Female,"Research & Development","Laboratory Technician",Single,Medical,1,Travel_Frequently,5,Yes
1018,26,Male,"Research & Development","Manufacturing Director",Married,Medical,2,Travel_Rarely,2,No
1019,22,Male,"Research & Development","Laboratory Technician",Married,"Life Sciences",1,Travel_Rarely,8,No
1022,48,Male,"Research & Development","Healthcare Representative",Single,"Life Sciences",2,Travel_Rarely,6,No
1024,48,Male,"Research & Development","Healthcare Representative",Single,"Life Sciences",3,Travel_Rarely,4,No
1025,41,Female,"Research & Development","Manufacturing Director",Single,Medical,2,Travel_Rarely,7,No
1026,39,Female,"Research & Development","Manufacturing Director",Married,"Life Sciences",4,Travel_Rarely,1,No
1027,27,Female,"Research & Development","Manufacturing Director",Married,"Life Sciences",2,Travel_Rarely,2,No
1028,35,Male,"Research & Development","Laboratory Technician",Divorced,Other,1,Travel_Rarely,10,No
1029,42,Male,Sales,Manager,Married,Marketing,5,Travel_Rarely,5,No
1030,50,Male,"Research & Development","Laboratory Technician",Married,"Life Sciences",1,Travel_Rarely,9,No
1032,59,Female,"Research & Development","Manufacturing Director",Single,"Life Sciences",4,Travel_Rarely,2,No
1033,37,Female,"Research & Development","Healthcare Representative",Married,Medical,2,Travel_Rarely,11,Yes
1034,55,Male,"Research & Development","Healthcare Representative",Married,Medical,2,Travel_Frequently,18,No
1035,41,Female,"Research & Development","Research Director",Divorced,"Life Sciences",5,Non-Travel,7,No
1036,38,Male,Sales,"Sales Executive",Single,"Life Sciences",2,Travel_Rarely,3,No
1037,26,Male,Sales,"Sales Executive",Single,Medical,2,Non-Travel,29,Yes
1038,52,Female,Sales,Manager,Married,Marketing,5,Travel_Rarely,2,Yes
1039,44,Female,Sales,"Sales Executive",Married,Medical,4,Travel_Rarely,28,No
1040,50,Female,Sales,"Sales Executive",Married,"Life Sciences",2,Non-Travel,1,No
1042,36,Female,"Research & Development","Laboratory Technician",Single,"Life Sciences",1,Travel_Rarely,16,Yes
1043,39,Female,"Research & Development","Manufacturing Director",Single,Medical,3,Travel_Frequently,22,No
1044,33,Female,Sales,"Sales Representative",Single,"Life Sciences",1,Non-Travel,8,No
1045,45,Female,Sales,Manager,Married,"Life Sciences",4,Travel_Rarely,11,No
1046,32,Female,"Research & Development","Laboratory Technician",Single,Medical,1,Non-Travel,29,No
1047,34,Male,Sales,"Sales Executive",Divorced,Marketing,2,Travel_Rarely,1,No
1048,59,Male,Sales,Manager,Married,"Technical Degree",3,Travel_Rarely,1,No
1049,45,Male,"Human Resources","Human Resources",Single,Medical,1,Travel_Rarely,24,No
1050,53,Female,Sales,"Sales Executive",Married,Marketing,3,Travel_Frequently,2,No
1052,36,Male,"Research & Development","Laboratory Technician",Divorced,Other,2,Travel_Rarely,15,Yes
1053,26,Male,"Research & Development","Research Scientist",Married,"Life Sciences",1,Travel_Frequently,2,Yes
1055,34,Female,Sales,"Sales Representative",Married,"Life Sciences",1,Travel_Rarely,10,No
1056,28,Male,Sales,"Sales Representative",Married,Medical,1,Travel_Rarely,10,No
1060,38,Male,"Research & Development","Research Scientist",Married,Other,1,Travel_Frequently,3,No
1061,50,Male,"Research & Development","Research Director",Married,Medical,5,Travel_Rarely,2,No
1062,37,Female,"Research & Development","Healthcare Representative",Single,Other,2,Travel_Rarely,3,No
1066,40,Male,Sales,"Sales Executive",Married,Marketing,2,Travel_Rarely,26,No
1068,26,Female,"Research & Development","Research Scientist",Divorced,Medical,1,Travel_Frequently,1,No
1069,46,Male,"Research & Development","Research Director",Divorced,Medical,5,Travel_Rarely,1,No
1070,54,Female,Sales,"Sales Executive",Married,"Life Sciences",3,Travel_Rarely,2,No
1071,56,Female,"Research & Development","Research Scientist",Married,Medical,1,Travel_Frequently,9,No
1073,36,Female,"Research & Development","Manufacturing Director",Single,Medical,3,Travel_Rarely,12,No
1074,55,Male,"Research & Development",Manager,Single,Medical,4,Non-Travel,2,No
1076,43,Male,Sales,"Sales Executive",Divorced,Medical,3,Travel_Rarely,25,No
1077,20,Female,Sales,"Sales Representative",Single,Marketing,1,Travel_Frequently,9,Yes
1079,21,Female,"Research & Development","Laboratory Technician",Single,"Life Sciences",1,Travel_Rarely,10,Yes
1080,46,Female,"Research & Development","Research Scientist",Divorced,"Life Sciences",2,Travel_Rarely,8,No
1081,51,Male,"Research & Development","Research Scientist",Married,"Life Sciences",1,Travel_Rarely,4,Yes
1082,28,Male,"Research & Development","Healthcare Representative",Single,"Technical Degree",3,Non-Travel,24,Yes
1083,26,Male,"Research & Development","Laboratory Technician",Married,Medical,1,Travel_Rarely,1,No
1084,30,Male,"Research & Development","Manufacturing Director",Married,Other,2,Travel_Rarely,20,No
1085,41,Female,"Research & Development","Research Scientist",Married,"Technical Degree",1,Travel_Rarely,7,No
1088,38,Female,"Research & Development","Healthcare Representative",Married,"Life Sciences",3,Travel_Rarely,17,No
1092,40,Male,"Research & Development","Healthcare Representative",Married,"Technical Degree",3,Travel_Rarely,20,No
1094,27,Male,"Research & Development","Laboratory Technician",Married,"Life Sciences",1,Non-Travel,8,No
1096,55,Male,"Research & Development","Manufacturing Director",Married,"Life Sciences",3,Travel_Frequently,2,No
1097,28,Female,"Research & Development","Research Scientist",Single,Other,2,Travel_Rarely,10,No
1098,44,Male,"Human Resources","Human Resources",Married,Medical,3,Travel_Rarely,1,Yes
1099,33,Male,"Research & Development","Healthcare Representative",Divorced,"Life Sciences",3,Travel_Rarely,5,No
1100,35,Male,Sales,"Sales Executive",Single,"Technical Degree",3,Travel_Rarely,4,Yes
1101,33,Female,"Research & Development","Research Scientist",Single,Medical,2,Travel_Frequently,29,Yes
1102,28,Male,"Research & Development","Laboratory Technician",Divorced,"Life Sciences",1,Travel_Rarely,15,No
1103,34,Male,"Research & Development","Healthcare Representative",Single,"Life Sciences",2,Travel_Frequently,3,No
1105,37,Female,Sales,"Sales Executive",Divorced,"Life Sciences",2,Travel_Rarely,10,No
1106,25,Male,"Research & Development","Laboratory Technician",Married,"Technical Degree",1,Travel_Rarely,4,Yes
1107,26,Male,"Research & Development","Laboratory Technician",Divorced,Medical,1,Travel_Rarely,21,Yes
1108,33,Male,"Research & Development","Research Scientist",Single,Medical,1,Travel_Rarely,25,Yes
1109,42,Male,"Research & Development",Manager,Married,Medical,4,Travel_Rarely,2,No
1111,28,Male,"Research & Development","Laboratory Technician",Divorced,Medical,1,Travel_Frequently,1,Yes
1113,50,Male,Sales,"Sales Executive",Single,Other,2,Travel_Frequently,1,Yes
1114,33,Female,Sales,"Sales Executive",Married,"Life Sciences",2,Travel_Frequently,7,No
1115,34,Male,"Research & Development","Research Scientist",Married,"Life Sciences",1,Non-Travel,3,No
1116,48,Male,"Research & Development",Manager,Single,Medical,4,Non-Travel,1,No
1117,45,Female,Sales,"Sales Executive",Married,"Life Sciences",2,Non-Travel,9,No
1118,52,Male,"Research & Development","Healthcare Representative",Single,"Life Sciences",3,Travel_Rarely,7,No
1119,38,Male,Sales,"Sales Executive",Divorced,Marketing,3,Travel_Rarely,10,No
1120,29,Female,"Research & Development","Research Scientist",Divorced,"Life Sciences",1,Travel_Rarely,28,No
1121,28,Female,"Research & Development","Manufacturing Director",Divorced,Medical,3,Travel_Rarely,3,No
1124,46,Male,Sales,Manager,Married,Marketing,4,Travel_Rarely,3,No
1125,38,Male,Sales,"Sales Executive",Single,Marketing,3,Travel_Rarely,2,No
1126,43,Female,"Research & Development","Manufacturing Director",Married,"Life Sciences",3,Travel_Frequently,27,No
1127,39,Male,"Research & Development","Healthcare Representative",Divorced,"Life Sciences",4,Travel_Frequently,2,Yes
1128,40,Male,"Research & Development","Research Director",Single,Medical,5,Travel_Rarely,14,No
1131,21,Female,"Research & Development","Research Scientist",Single,"Technical Degree",1,Travel_Rarely,1,No
1132,39,Male,"Research & Development","Laboratory Technician",Single,"Life Sciences",2,Non-Travel,9,No
1133,36,Male,"Research & Development","Manufacturing Director",Single,"Life Sciences",2,Non-Travel,18,No
1135,31,Male,Sales,"Sales Representative",Married,"Life Sciences",1,Travel_Frequently,20,No
1136,28,Male,"Research & Development","Research Scientist",Married,"Life Sciences",1,Travel_Rarely,2,No
1137,35,Male,Sales,"Sales Executive",Divorced,Marketing,2,Travel_Frequently,11,No
1138,49,Male,Sales,"Sales Executive",Married,"Technical Degree",4,Travel_Rarely,8,No
1140,34,Male,"Research & Development","Manufacturing Director",Single,"Life Sciences",2,Travel_Frequently,2,No
1143,29,Female,"Research & Development","Research Scientist",Divorced,"Life Sciences",1,Travel_Frequently,10,No
1148,42,Male,"Research & Development","Laboratory Technician",Single,Medical,2,Travel_Rarely,29,No
1150,29,Male,"Research & Development","Manufacturing Director",Married,Medical,2,Travel_Rarely,8,No
1152,38,Male,"Human Resources","Human Resources",Married,"Human Resources",1,Travel_Rarely,1,No
1154,28,Male,"Research & Development","Research Scientist",Divorced,"Life Sciences",1,Travel_Frequently,6,No
1156,18,Male,"Research & Development","Laboratory Technician",Single,Medical,1,Non-Travel,8,Yes
1157,33,Female,Sales,"Sales Executive",Single,Marketing,2,Travel_Rarely,9,Yes
1158,41,Male,"Research & Development","Laboratory Technician",Married,"Life Sciences",1,Travel_Rarely,12,No
1160,31,Male,"Research & Development","Laboratory Technician",Married,Medical,1,Travel_Frequently,15,Yes
1161,37,Female,"Research & Development","Healthcare Representative",Divorced,Medical,2,Travel_Rarely,25,No
1162,27,Male,"Research & Development","Research Scientist",Married,"Life Sciences",1,Travel_Rarely,6,No
1163,34,Female,Sales,"Sales Executive",Married,"Life Sciences",2,Travel_Rarely,9,No
1164,35,Male,"Human Resources","Human Resources",Single,"Technical Degree",1,Travel_Rarely,8,No
1165,29,Female,Sales,"Sales Executive",Married,"Life Sciences",3,Travel_Rarely,23,Yes
1166,40,Female,"Research & Development","Research Director",Single,Medical,3,Travel_Frequently,9,No
1167,42,Male,Sales,"Sales Executive",Single,"Life Sciences",4,Travel_Frequently,12,Yes
1171,42,Male,Sales,"Sales Executive",Single,Marketing,2,Travel_Rarely,4,No
1172,35,Male,"Research & Development","Laboratory Technician",Married,Medical,1,Travel_Rarely,1,No
1173,24,Male,"Research & Development","Laboratory Technician",Single,Medical,1,Travel_Rarely,24,No
1175,28,Female,"Research & Development","Laboratory Technician",Married,"Life Sciences",1,Travel_Rarely,12,Yes
1177,26,Male,"Research & Development","Laboratory Technician",Married,Medical,1,Travel_Rarely,3,No
1179,30,Male,Sales,"Sales Executive",Married,Marketing,2,Travel_Rarely,10,No
1180,40,Female,"Research & Development","Research Scientist",Married,Medical,2,Travel_Frequently,26,No
1182,35,Male,"Research & Development","Manufacturing Director",Divorced,"Life Sciences",3,Travel_Rarely,2,No
1184,34,Male,"Research & Development","Healthcare Representative",Single,Medical,2,Travel_Frequently,1,No
1185,35,Male,"Research & Development","Laboratory Technician",Married,Other,1,Travel_Frequently,4,No
1188,43,Female,Sales,"Sales Executive",Single,Marketing,2,Travel_Rarely,9,Yes
1190,32,Female,Sales,"Sales Representative",Divorced,"Life Sciences",1,Non-Travel,2,No
1191,56,Female,"Research & Development",Manager,Divorced,"Technical Degree",5,Travel_Rarely,4,No
1192,29,Female,"Research & Development","Laboratory Technician",Married,Medical,1,Travel_Rarely,6,No
1193,19,Male,"Research & Development","Research Scientist",Single,"Life Sciences",1,Travel_Rarely,9,No
1195,45,Female,"Research & Development","Research Scientist",Married,Medical,1,Travel_Rarely,7,No
1196,37,Female,"Research & Development","Manufacturing Director",Married,"Life Sciences",2,Travel_Rarely,1,No
1198,20,Male,"Research & Development","Laboratory Technician",Single,"Life Sciences",1,Travel_Rarely,3,No
1200,44,Male,"Research & Development","Research Scientist",Single,"Life Sciences",1,Travel_Rarely,10,Yes
1201,53,Female,"Research & Development",Manager,Divorced,Medical,5,Travel_Rarely,7,No
1202,29,Female,"Research & Development","Research Scientist",Married,"Life Sciences",1,Travel_Rarely,15,No
1203,22,Male,"Research & Development","Research Scientist",Married,"Life Sciences",1,Travel_Frequently,3,Yes
1204,46,Female,Sales,Manager,Married,Marketing,4,Travel_Rarely,2,No
1206,44,Male,"Research & Development","Research Scientist",Single,"Life Sciences",1,Non-Travel,17,No
1207,33,Male,"Human Resources","Human Resources",Married,"Human Resources",1,Travel_Rarely,2,No
1210,41,Male,"Research & Development","Research Scientist",Divorced,"Life Sciences",1,Non-Travel,5,Yes
1211,30,Male,Sales,"Sales Executive",Divorced,"Life Sciences",2,Travel_Rarely,29,No
1212,40,Male,Sales,"Sales Executive",Married,Medical,2,Travel_Frequently,2,No
1215,50,Female,"Research & Development",Manager,Married,Medical,4,Travel_Frequently,2,No
1216,28,Male,"Research & Development","Laboratory Technician",Married,Medical,1,Travel_Rarely,19,No
1217,46,Male,"Research & Development","Research Director",Married,"Life Sciences",5,Travel_Rarely,15,No
1218,35,Male,Sales,"Sales Executive",Married,"Life Sciences",2,Travel_Rarely,17,No
1219,24,Female,"Research & Development","Laboratory Technician",Married,"Life Sciences",1,Travel_Rarely,17,Yes
1220,33,Female,Sales,"Sales Executive",Married,Medical,2,Travel_Frequently,25,No
1221,36,Male,"Research & Development","Laboratory Technician",Divorced,"Life Sciences",1,Travel_Rarely,6,No
1224,30,Male,"Research & Development","Laboratory Technician",Divorced,"Life Sciences",2,Travel_Rarely,7,No
1225,44,Male,"Research & Development","Research Scientist",Single,Other,2,Travel_Rarely,29,No
1226,20,Male,Sales,"Sales Representative",Single,Marketing,1,Travel_Rarely,21,No
1228,46,Male,"Research & Development","Manufacturing Director",Divorced,"Technical Degree",2,Travel_Rarely,2,No
1231,42,Male,"Human Resources","Human Resources",Married,Medical,2,Non-Travel,2,No
1233,60,Male,Sales,"Sales Executive",Divorced,Marketing,2,Travel_Rarely,7,No
1234,32,Female,"Research & Development","Laboratory Technician",Married,Other,1,Travel_Frequently,13,No
1235,32,Female,"Research & Development","Research Scientist",Single,"Life Sciences",2,Travel_Frequently,2,No
1237,36,Female,"Research & Development","Manufacturing Director",Divorced,"Technical Degree",3,Travel_Rarely,1,No
1238,33,Male,"Research & Development","Research Scientist",Married,Medical,1,Travel_Rarely,9,No
1239,40,Female,Sales,"Sales Executive",Divorced,"Technical Degree",2,Travel_Rarely,10,No
1240,25,Male,Sales,"Sales Executive",Single,"Life Sciences",2,Travel_Rarely,10,No
1241,30,Male,"Research & Development","Research Scientist",Married,Medical,1,Travel_Rarely,1,No
1242,42,Female,"Research & Development","Research Director",Married,Medical,3,Travel_Frequently,26,No
1243,35,Female,Sales,"Sales Executive",Married,Marketing,3,Non-Travel,8,No
1244,27,Male,"Research & Development","Research Scientist",Married,"Life Sciences",1,Travel_Rarely,14,No
1245,54,Female,"Research & Development","Manufacturing Director",Divorced,"Life Sciences",3,Travel_Frequently,1,No
1246,44,Female,"Research & Development","Research Scientist",Married,"Life Sciences",1,Travel_Rarely,2,No
1248,19,Female,"Research & Development","Research Scientist",Single,Medical,1,Non-Travel,10,Yes
1249,29,Female,"Research & Development","Research Scientist",Divorced,"Life Sciences",1,Travel_Rarely,1,No
1250,54,Male,"Research & Development","Research Director",Married,"Life Sciences",4,Travel_Rarely,3,No
1251,31,Male,"Research & Development","Healthcare Representative",Married,Medical,2,Travel_Rarely,11,No
1252,31,Female,"Research & Development","Healthcare Representative",Single,Medical,2,Travel_Rarely,24,No
1254,59,Female,Sales,"Sales Executive",Single,"Life Sciences",2,Travel_Rarely,3,No
1255,43,Male,"Research & Development","Research Director",Married,"Life Sciences",5,Travel_Rarely,3,No
1256,49,Male,"Research & Development",Manager,Married,Medical,5,Travel_Rarely,4,No
1257,36,Male,"Research & Development","Research Scientist",Married,"Technical Degree",1,Travel_Frequently,3,No
1258,48,Male,"Research & Development","Laboratory Technician",Single,"Technical Degree",1,Travel_Rarely,2,No
1259,27,Male,"Research & Development","Research Scientist",Divorced,"Life Sciences",1,Travel_Rarely,4,No
1260,29,Male,"Research & Development","Healthcare Representative",Divorced,"Life Sciences",2,Travel_Rarely,7,No
1263,48,Male,"Research & Development","Research Director",Single,"Life Sciences",5,Travel_Rarely,1,No
1264,29,Female,"Research & Development","Research Director",Divorced,"Life Sciences",4,Travel_Rarely,1,No
1265,34,Female,"Research & Development","Research Scientist",Married,"Technical Degree",1,Travel_Rarely,20,No
1267,44,Male,Sales,Manager,Married,Marketing,5,Travel_Rarely,5,No
1268,33,Male,Sales,"Sales Executive",Divorced,Marketing,3,Travel_Rarely,10,No
1269,19,Female,"Research & Development","Research Scientist",Single,"Life Sciences",1,Travel_Rarely,25,No
1270,23,Male,"Research & Development","Research Scientist",Married,"Life Sciences",1,Travel_Rarely,1,No
1273,25,Male,Sales,"Sales Representative",Single,"Life Sciences",1,Travel_Frequently,24,Yes
1275,26,Male,"Research & Development","Research Scientist",Single,"Life Sciences",1,Travel_Rarely,4,No
1277,45,Female,Sales,Manager,Single,Marketing,5,Travel_Rarely,2,Yes
1278,55,Male,"Research & Development","Healthcare Representative",Divorced,Medical,4,Non-Travel,8,No
1279,21,Female,"Research & Development","Laboratory Technician",Single,"Life Sciences",1,Travel_Frequently,10,Yes
1280,46,Female,Sales,Manager,Married,Marketing,5,Travel_Rarely,4,No
1281,34,Female,Sales,"Sales Executive",Single,Marketing,2,Travel_Rarely,2,No
1282,51,Male,Sales,Manager,Divorced,"Life Sciences",5,Travel_Frequently,9,No
1283,59,Male,"Research & Development","Manufacturing Director",Single,Medical,3,Travel_Rarely,18,No
1285,34,Female,"Research & Development","Laboratory Technician",Divorced,Medical,2,Travel_Frequently,19,No
1286,28,Male,"Research & Development","Laboratory Technician",Single,Medical,1,Travel_Frequently,1,No
1288,44,Male,"Research & Development",Manager,Divorced,"Life Sciences",5,Travel_Rarely,4,No
1289,34,Male,"Human Resources","Human Resources",Married,"Life Sciences",2,Travel_Frequently,11,No
1291,35,Male,"Research & Development","Research Scientist",Married,"Life Sciences",1,Travel_Rarely,6,No
1292,42,Female,"Research & Development","Research Scientist",Married,Medical,2,Travel_Rarely,7,No
1293,43,Female,Sales,"Sales Executive",Single,Marketing,3,Travel_Rarely,4,No
1294,36,Female,"Research & Development","Manufacturing Director",Single,"Life Sciences",2,Travel_Rarely,2,No
1295,44,Female,"Research & Development","Healthcare Representative",Married,Medical,3,Travel_Rarely,15,Yes
1296,28,Male,"Research & Development","Laboratory Technician",Married,"Life Sciences",1,Travel_Frequently,2,No
1297,51,Female,"Research & Development","Laboratory Technician",Single,Medical,1,Travel_Frequently,6,No
1298,30,Female,"Research & Development","Manufacturing Director",Single,Medical,2,Non-Travel,9,No
1299,29,Female,"Research & Development","Laboratory Technician",Divorced,"Technical Degree",1,Travel_Rarely,7,Yes
1301,28,Male,"Research & Development","Research Scientist",Single,"Technical Degree",1,Travel_Rarely,1,No
1303,25,Female,"Research & Development","Research Scientist",Single,Medical,1,Travel_Rarely,1,No
1304,32,Male,Sales,"Sales Executive",Married,Medical,2,Travel_Rarely,8,No
1306,45,Female,"Research & Development",Manager,Single,Medical,5,Travel_Frequently,25,No
1307,39,Female,"Research & Development",Manager,Divorced,Medical,4,Travel_Rarely,13,No
1308,58,Male,"Research & Development","Research Scientist",Divorced,"Life Sciences",1,Travel_Rarely,23,No
1309,32,Male,"Research & Development","Laboratory Technician",Married,"Life Sciences",2,Travel_Rarely,7,Yes
1310,39,Male,"Research & Development","Research Scientist",Single,Medical,1,Travel_Rarely,23,Yes
1311,30,Female,"Research & Development","Laboratory Technician",Married,"Technical Degree",2,Travel_Rarely,6,No
1312,36,Female,"Research & Development","Healthcare Representative",Married,"Technical Degree",3,Travel_Rarely,10,No
1314,46,Female,"Human Resources","Human Resources",Single,"Life Sciences",1,Travel_Rarely,1,No
1315,28,Female,"Research & Development","Laboratory Technician",Married,"Life Sciences",2,Non-Travel,1,No
1317,50,Female,"Research & Development","Research Director",Married,"Life Sciences",4,Travel_Rarely,28,No
1318,40,Male,Sales,"Sales Executive",Single,Marketing,3,Travel_Rarely,25,Yes
1319,52,Male,Sales,"Sales Executive",Single,"Life Sciences",3,Travel_Rarely,5,Yes
1321,30,Female,"Research & Development",Manager,Married,Medical,3,Travel_Rarely,17,No
1322,39,Male,"Research & Development","Manufacturing Director",Single,"Life Sciences",2,Travel_Rarely,18,No
1324,31,Female,Sales,"Sales Executive",Divorced,"Life Sciences",3,Non-Travel,2,No
1329,41,Male,Sales,"Sales Executive",Single,Medical,2,Non-Travel,10,No
1331,31,Female,Sales,"Sales Representative",Single,"Life Sciences",1,Travel_Frequently,1,Yes
1333,44,Male,"Research & Development","Laboratory Technician",Married,"Life Sciences",1,Travel_Rarely,3,Yes
1334,42,Male,"Research & Development",Manager,Married,"Life Sciences",4,Non-Travel,2,No
1336,55,Female,"Research & Development",Manager,Married,Medical,5,Travel_Rarely,2,No
1338,56,Male,"Human Resources",Manager,Single,"Life Sciences",5,Travel_Rarely,8,No
1340,40,Male,"Research & Development","Research Scientist",Divorced,"Life Sciences",1,Non-Travel,16,No
1344,34,Male,"Research & Development","Healthcare Representative",Divorced,"Life Sciences",3,Travel_Rarely,9,No
1346,40,Male,"Research & Development","Research Scientist",Single,"Life Sciences",2,Travel_Rarely,2,No
1349,41,Female,Sales,"Sales Executive",Divorced,Marketing,2,Travel_Frequently,1,No
1350,35,Male,"Research & Development","Research Scientist",Single,"Life Sciences",2,Travel_Frequently,4,No
1352,51,Male,"Human Resources",Manager,Divorced,"Life Sciences",4,Travel_Rarely,5,No
1355,38,Female,Sales,"Sales Executive",Divorced,"Life Sciences",2,Travel_Rarely,2,No
1356,34,Female,Sales,"Sales Executive",Single,Medical,2,Travel_Rarely,15,No
1358,25,Male,"Research & Development","Laboratory Technician",Married,Medical,1,Travel_Rarely,19,No
1360,58,Female,"Research & Development","Manufacturing Director",Married,Medical,3,Travel_Rarely,7,Yes
1361,40,Male,"Research & Development","Laboratory Technician",Married,"Life Sciences",1,Travel_Rarely,1,No
1362,36,Female,Sales,"Sales Executive",Married,Marketing,2,Travel_Frequently,7,No
1363,48,Male,"Research & Development","Manufacturing Director",Single,"Life Sciences",3,Travel_Rarely,4,No
1364,27,Female,Sales,"Sales Representative",Married,Medical,1,Travel_Rarely,11,No
1367,51,Female,"Research & Development","Manufacturing Director",Single,"Technical Degree",4,Travel_Rarely,11,No
1368,18,Female,"Research & Development","Laboratory Technician",Single,"Life Sciences",1,Non-Travel,1,No
1369,35,Female,"Research & Development","Laboratory Technician",Married,Medical,2,Travel_Rarely,1,No
1371,27,Male,Sales,"Sales Executive",Single,"Life Sciences",2,Travel_Frequently,2,No
1372,55,Male,Sales,"Sales Executive",Single,Marketing,4,Travel_Rarely,13,Yes
1373,56,Male,"Research & Development","Manufacturing Director",Married,"Life Sciences",4,Travel_Rarely,23,No
1374,34,Female,"Research & Development","Research Scientist",Divorced,"Technical Degree",1,Non-Travel,26,No
1375,40,Female,"Research & Development","Healthcare Representative",Divorced,Medical,2,Travel_Rarely,2,No
1377,34,Male,"Research & Development","Laboratory Technician",Married,Medical,2,Travel_Rarely,29,No
1379,31,Female,Sales,"Sales Representative",Single,"Life Sciences",1,Travel_Frequently,2,Yes
1380,35,Female,Sales,"Sales Executive",Married,Marketing,2,Travel_Frequently,18,Yes
1382,38,Male,"Research & Development","Research Scientist",Divorced,"Life Sciences",1,Travel_Frequently,7,No
1383,34,Female,"Research & Development","Healthcare Representative",Single,"Technical Degree",2,Travel_Rarely,2,No
1387,28,Male,Sales,"Sales Executive",Married,"Life Sciences",2,Travel_Rarely,26,No
1389,31,Male,"Research & Development","Manufacturing Director",Married,Medical,2,Travel_Rarely,22,Yes
1390,39,Male,Sales,"Sales Executive",Married,"Life Sciences",2,Travel_Rarely,21,No
1391,51,Male,Sales,"Sales Executive",Married,Marketing,3,Travel_Frequently,2,No
1392,41,Female,"Research & Development","Research Scientist",Divorced,"Life Sciences",2,Travel_Frequently,22,No
1394,37,Male,"Research & Development","Research Scientist",Married,"Life Sciences",1,Travel_Rarely,4,No
1395,33,Male,Sales,"Sales Executive",Married,"Life Sciences",2,Travel_Frequently,5,No
1396,32,Male,Sales,"Sales Executive",Married,Marketing,2,Travel_Rarely,2,No
1397,39,Male,"Research & Development","Healthcare Representative",Married,"Life Sciences",3,Non-Travel,25,No
1399,25,Male,Sales,"Sales Executive",Married,"Life Sciences",2,Travel_Rarely,18,No
1401,52,Female,"Research & Development","Manufacturing Director",Married,Medical,4,Travel_Frequently,28,No
1402,43,Female,"Research & Development","Research Scientist",Single,Medical,2,Travel_Rarely,6,No
1403,27,Female,Sales,"Sales Executive",Married,Marketing,2,Travel_Rarely,10,No
1405,27,Female,"Research & Development","Research Scientist",Single,"Life Sciences",1,Travel_Rarely,17,Yes
1407,26,Male,"Research & Development","Research Scientist",Single,Medical,1,Travel_Rarely,2,No
1408,42,Female,"Human Resources",Manager,Married,"Human Resources",4,Travel_Rarely,10,No
